step,loss,learning_rate,eval_val_loss,eval_val_cer,eval_val_wer,eval_ood_cer
1,23.126869201660156,0.0,,,,
2,21.102767944335938,2.247191011235955e-06,,,,
3,20.370559692382812,4.49438202247191e-06,,,,
4,25.027799606323242,6.741573033707865e-06,,,,
5,21.126718521118164,8.98876404494382e-06,,,,
6,27.08565902709961,1.1235955056179776e-05,,,,
7,20.80752182006836,1.348314606741573e-05,,,,
8,17.61246681213379,1.5730337078651687e-05,,,,
9,14.677274703979492,1.797752808988764e-05,,,,
10,19.694374084472656,2.0224719101123596e-05,,,,
11,15.36543083190918,2.2471910112359552e-05,,,,
12,18.037172317504883,2.4719101123595505e-05,,,,
13,16.282325744628906,2.696629213483146e-05,,,,
14,15.921972274780273,2.9213483146067417e-05,,,,
15,15.35190200805664,3.1460674157303374e-05,,,,
16,12.810224533081055,3.370786516853933e-05,,,,
17,13.39806079864502,3.595505617977528e-05,,,,
18,10.771462440490723,3.8202247191011236e-05,,,,
19,11.125839233398438,4.044943820224719e-05,,,,
20,8.926159858703613,4.269662921348315e-05,,,,
21,8.596593856811523,4.4943820224719104e-05,,,,
22,8.900891304016113,4.719101123595506e-05,,,,
23,8.875476837158203,4.943820224719101e-05,,,,
24,5.601925373077393,5.168539325842697e-05,,,,
25,6.713804721832275,5.393258426966292e-05,,,,
26,6.478732585906982,5.6179775280898885e-05,,,,
27,6.052067279815674,5.8426966292134835e-05,,,,
28,5.1361589431762695,6.067415730337079e-05,,,,
29,5.544214725494385,6.292134831460675e-05,,,,
30,6.237195014953613,6.51685393258427e-05,,,,
31,7.248847961425781,6.741573033707866e-05,,,,
32,5.071052074432373,6.966292134831462e-05,,,,
33,5.2573394775390625,7.191011235955056e-05,,,,
34,4.667403697967529,7.415730337078653e-05,,,,
35,4.774327278137207,7.640449438202247e-05,,,,
36,4.82177734375,7.865168539325843e-05,,,,
37,3.510911226272583,8.089887640449438e-05,,,,
38,3.809067964553833,8.314606741573034e-05,,,,
39,4.7066850662231445,8.53932584269663e-05,,,,
40,4.1856560707092285,8.764044943820225e-05,,,,
41,2.912144422531128,8.988764044943821e-05,,,,
42,3.981873035430908,9.213483146067416e-05,,,,
43,2.430060386657715,9.438202247191012e-05,,,,
44,1.992621660232544,9.662921348314608e-05,,,,
45,2.1147043704986572,9.887640449438202e-05,,,,
46,2.7345144748687744,0.00010112359550561799,,,,
47,1.2662650346755981,0.00010337078651685395,,,,
48,0.9769391417503357,0.00010561797752808989,,,,
49,1.4088423252105713,0.00010786516853932584,,,,
50,0.8255550861358643,0.0001101123595505618,,,,
51,0.9515193700790405,0.00011235955056179777,,,,
52,2.365898609161377,0.0001146067415730337,,,,
53,0.6435012221336365,0.00011685393258426967,,,,
54,2.3348989486694336,0.00011910112359550563,,,,
55,1.307700276374817,0.00012134831460674158,,,,
56,1.3796542882919312,0.00012359550561797752,,,,
57,1.3362042903900146,0.0001258426966292135,,,,
58,1.8170100450515747,0.00012808988764044944,,,,
59,1.1384941339492798,0.0001303370786516854,,,,
60,1.5899134874343872,0.00013258426966292135,,,,
61,1.5494492053985596,0.00013483146067415732,,,,
62,1.7025887966156006,0.00013707865168539326,,,,
63,1.8733067512512207,0.00013932584269662923,,,,
64,1.2983531951904297,0.00014157303370786517,,,,
65,1.3729497194290161,0.00014382022471910112,,,,
66,0.7858186364173889,0.0001460674157303371,,,,
67,1.049537181854248,0.00014831460674157306,,,,
68,0.8827494978904724,0.000150561797752809,,,,
69,1.651835560798645,0.00015280898876404494,,,,
70,0.8740834593772888,0.0001550561797752809,,,,
71,0.9161372780799866,0.00015730337078651685,,,,
72,1.8269410133361816,0.0001595505617977528,,,,
73,1.6312508583068848,0.00016179775280898877,,,,
74,0.6248769760131836,0.00016404494382022474,,,,
75,1.2713088989257812,0.00016629213483146068,,,,
76,2.0864884853363037,0.00016853932584269662,,,,
77,1.6726369857788086,0.0001707865168539326,,,,
78,1.0125625133514404,0.00017303370786516853,,,,
79,1.3162411451339722,0.0001752808988764045,,,,
80,1.6476078033447266,0.00017752808988764045,,,,
81,1.4716352224349976,0.00017977528089887642,,,,
82,1.4908158779144287,0.00018202247191011236,,,,
83,0.8824509382247925,0.00018426966292134833,,,,
84,0.26548799872398376,0.00018651685393258427,,,,
85,0.9592833518981934,0.00018876404494382024,,,,
86,1.4168672561645508,0.00019101123595505618,,,,
87,1.2008633613586426,0.00019325842696629215,,,,
88,1.2463092803955078,0.0001955056179775281,,,,
89,1.048933744430542,0.00019775280898876404,,,,
90,2.3655197620391846,0.0002,,,,
91,1.9394980669021606,0.00019974874371859298,,,,
92,1.2793653011322021,0.00019949748743718594,,,,
93,0.8581722974777222,0.0001992462311557789,,,,
94,0.7154030799865723,0.00019899497487437187,,,,
95,0.7920607924461365,0.00019874371859296484,,,,
96,0.7781074047088623,0.0001984924623115578,,,,
97,1.3216499090194702,0.00019824120603015077,,,,
98,0.9206573367118835,0.0001979899497487437,,,,
99,0.7020682692527771,0.00019773869346733668,,,,
100,1.1925325393676758,0.00019748743718592964,,,,
101,1.8473318815231323,0.00019723618090452264,,,,
102,0.5385823845863342,0.0001969849246231156,,,,
103,0.8687179088592529,0.00019673366834170854,,,,
104,1.377719759941101,0.0001964824120603015,,,,
105,2.6110146045684814,0.00019623115577889448,,,,
106,0.9498646259307861,0.00019597989949748744,,,,
107,1.4545714855194092,0.0001957286432160804,,,,
108,1.0646123886108398,0.00019547738693467337,,,,
109,1.4397276639938354,0.00019522613065326634,,,,
110,1.1033855676651,0.0001949748743718593,,,,
111,0.8149837851524353,0.00019472361809045227,,,,
112,0.8926905989646912,0.00019447236180904524,,,,
113,1.300894021987915,0.0001942211055276382,,,,
114,0.36686068773269653,0.00019396984924623117,,,,
115,0.70709627866745,0.00019371859296482414,,,,
116,0.8720682859420776,0.0001934673366834171,,,,
117,1.5256867408752441,0.00019321608040201007,,,,
118,1.465379238128662,0.000192964824120603,,,,
119,0.9762773513793945,0.00019271356783919598,,,,
120,1.0139245986938477,0.00019246231155778894,,,,
121,0.9430109858512878,0.00019221105527638193,,,,
122,0.9492063522338867,0.0001919597989949749,,,,
123,0.5009745359420776,0.00019170854271356784,,,,
124,0.581717312335968,0.0001914572864321608,,,,
125,1.2829269170761108,0.00019120603015075377,,,,
126,0.4496018886566162,0.00019095477386934674,,,,
127,0.6474547982215881,0.0001907035175879397,,,,
128,0.6357659697532654,0.00019045226130653267,,,,
129,1.2913531064987183,0.00019020100502512564,,,,
130,1.2262866497039795,0.0001899497487437186,,,,
131,0.8787858486175537,0.00018969849246231157,,,,
132,1.1459171772003174,0.00018944723618090454,,,,
133,1.3977057933807373,0.00018919597989949748,,,,
134,1.2681785821914673,0.00018894472361809047,,,,
135,1.1129930019378662,0.00018869346733668343,,,,
136,0.9848041534423828,0.0001884422110552764,,,,
137,1.2265373468399048,0.00018819095477386937,,,,
138,2.3988888263702393,0.0001879396984924623,,,,
139,1.5854331254959106,0.00018768844221105527,,,,
140,1.4109890460968018,0.00018743718592964824,,,,
141,1.4937375783920288,0.00018718592964824123,,,,
142,1.0160777568817139,0.0001869346733668342,,,,
143,1.384034514427185,0.00018668341708542714,,,,
144,0.9594327211380005,0.0001864321608040201,,,,
145,0.9635433554649353,0.00018618090452261307,,,,
146,0.4255947768688202,0.00018592964824120604,,,,
147,1.0733211040496826,0.000185678391959799,,,,
148,1.0842041969299316,0.00018542713567839197,,,,
149,1.6972200870513916,0.00018517587939698493,,,,
150,0.7401061058044434,0.0001849246231155779,,,,
151,1.465800166130066,0.00018467336683417087,,,,
152,1.554492712020874,0.00018442211055276383,,,,
153,1.0242462158203125,0.00018417085427135677,,,,
154,1.1491705179214478,0.00018391959798994977,,,,
155,2.2628962993621826,0.00018366834170854273,,,,
156,0.9078369140625,0.0001834170854271357,,,,
157,0.9885799884796143,0.00018316582914572866,,,,
158,0.7602843046188354,0.0001829145728643216,,,,
159,1.6079001426696777,0.00018266331658291457,,,,
160,0.41376468539237976,0.00018241206030150754,,,,
161,0.7418152093887329,0.00018216080402010053,,,,
162,0.32497289776802063,0.0001819095477386935,,,,
163,1.7123796939849854,0.00018165829145728643,,,,
164,1.3459594249725342,0.0001814070351758794,,,,
165,0.9499542713165283,0.00018115577889447237,,,,
166,1.3131107091903687,0.00018090452261306533,,,,
167,0.6350437998771667,0.0001806532663316583,,,,
168,0.37181177735328674,0.00018040201005025127,,,,
169,1.6900256872177124,0.00018015075376884423,,,,
170,1.7493281364440918,0.0001798994974874372,,,,
171,0.6528733372688293,0.00017964824120603016,,,,
172,1.7463037967681885,0.00017939698492462313,,,,
173,1.037976861000061,0.00017914572864321607,,,,
174,2.336738348007202,0.00017889447236180906,,,,
175,1.5836763381958008,0.00017864321608040203,,,,
176,0.6141313910484314,0.000178391959798995,,,,
177,1.706714391708374,0.00017814070351758796,,,,
178,0.8651658296585083,0.0001778894472361809,,,,
179,0.664558470249176,0.00017763819095477387,,,,
180,0.6384587287902832,0.00017738693467336683,,,,
181,1.1505464315414429,0.00017713567839195983,,,,
182,0.6222463846206665,0.0001768844221105528,,,,
183,0.9584290981292725,0.00017663316582914573,,,,
184,1.7878687381744385,0.0001763819095477387,,,,
185,0.704069972038269,0.00017613065326633166,,,,
186,0.8087893128395081,0.00017587939698492463,,,,
187,1.0440856218338013,0.0001756281407035176,,,,
188,0.5804955363273621,0.00017537688442211056,,,,
189,1.088377833366394,0.00017512562814070353,,,,
190,2.0320382118225098,0.0001748743718592965,,,,
191,0.6209496259689331,0.00017462311557788946,,,,
192,2.0491530895233154,0.0001743718592964824,,,,
193,0.4091290831565857,0.00017412060301507537,,,,
194,1.1439552307128906,0.00017386934673366836,,,,
195,1.0013962984085083,0.00017361809045226133,,,,
196,0.7981970310211182,0.0001733668341708543,,,,
197,1.155268669128418,0.00017311557788944723,,,,
198,1.1836575269699097,0.0001728643216080402,,,,
199,0.628841757774353,0.00017261306532663316,,,,
200,0.5304251909255981,0.00017236180904522613,,,,
201,0.2981944978237152,0.00017211055276381912,,,,
202,0.9454678297042847,0.00017185929648241206,,,,
203,1.328092336654663,0.00017160804020100503,,,,
204,1.2552117109298706,0.000171356783919598,,,,
205,0.9645259976387024,0.00017110552763819096,,,,
206,0.9284443855285645,0.00017085427135678393,,,,
207,0.8445785045623779,0.0001706030150753769,,,,
208,0.536661684513092,0.00017035175879396986,,,,
209,1.0842750072479248,0.00017010050251256283,,,,
210,0.4166458249092102,0.0001698492462311558,,,,
211,0.48111650347709656,0.00016959798994974876,,,,
212,0.7440348863601685,0.0001693467336683417,,,,
213,0.47101056575775146,0.00016909547738693466,,,,
214,1.3013235330581665,0.00016884422110552766,,,,
215,1.025024652481079,0.00016859296482412062,,,,
216,0.5288569331169128,0.0001683417085427136,,,,
217,0.7938656210899353,0.00016809045226130653,,,,
218,1.2705676555633545,0.0001678391959798995,,,,
219,0.7383822798728943,0.00016758793969849246,,,,
220,1.641968846321106,0.00016733668341708543,,,,
221,0.7336230874061584,0.00016708542713567842,,,,
222,1.5518643856048584,0.00016683417085427136,,,,
223,0.4628707766532898,0.00016658291457286433,,,,
224,1.3619539737701416,0.0001663316582914573,,,,
225,0.9873945713043213,0.00016608040201005026,,,,
226,0.574989378452301,0.00016582914572864322,,,,
227,1.1307506561279297,0.0001655778894472362,,,,
228,0.38814297318458557,0.00016532663316582916,,,,
229,0.9221755862236023,0.00016507537688442212,,,,
230,0.9573050141334534,0.0001648241206030151,,,,
231,1.2194111347198486,0.00016457286432160806,,,,
232,0.9897544384002686,0.000164321608040201,,,,
233,0.4633338749408722,0.00016407035175879396,,,,
234,1.2939326763153076,0.00016381909547738695,,,,
235,0.9090551137924194,0.00016356783919597992,,,,
236,0.643438458442688,0.00016331658291457289,,,,
237,0.6727204322814941,0.00016306532663316583,,,,
238,1.1914315223693848,0.0001628140703517588,,,,
239,0.98382169008255,0.00016256281407035176,,,,
240,0.8148425817489624,0.00016231155778894472,,,,
241,0.5290484428405762,0.00016206030150753772,,,,
242,1.3588882684707642,0.00016180904522613066,,,,
243,1.5164258480072021,0.00016155778894472362,,,,
244,0.3730032444000244,0.0001613065326633166,,,,
245,0.7066489458084106,0.00016105527638190956,,,,
246,1.1571153402328491,0.00016080402010050252,,,,
247,0.7533476948738098,0.0001605527638190955,,,,
248,0.6668250560760498,0.00016030150753768845,,,,
249,0.8292543888092041,0.00016005025125628142,,,,
250,0.5368006825447083,0.00015979899497487439,,,,
251,0.3378277122974396,0.00015954773869346735,,,,
252,0.9926885366439819,0.0001592964824120603,,,,
253,0.6612226366996765,0.00015904522613065326,,,,
254,0.4834368824958801,0.00015879396984924625,,,,
255,0.4618629515171051,0.00015854271356783922,,,,
256,0.8337100744247437,0.00015829145728643218,,,,
257,0.5553154349327087,0.00015804020100502512,,,,
258,0.32172489166259766,0.0001577889447236181,,,,
259,0.4859497547149658,0.00015753768844221105,,,,
260,0.5197352170944214,0.00015728643216080402,,,,
261,0.9171051979064941,0.000157035175879397,,,,
262,0.4118419587612152,0.00015678391959798995,,,,
263,0.6734970808029175,0.00015653266331658292,,,,
264,1.8347488641738892,0.00015628140703517589,,,,
265,0.2093368023633957,0.00015603015075376885,,,,
266,0.7078037261962891,0.00015577889447236182,,,,
267,0.7602934837341309,0.00015552763819095478,,,,
268,0.75059574842453,0.00015527638190954775,,,,
269,1.0210082530975342,0.00015502512562814072,,,,
270,0.7503247261047363,0.00015477386934673368,,,,
271,0.8529626727104187,0.00015452261306532665,,,,
272,0.5530729293823242,0.0001542713567839196,,,,
273,0.8309850692749023,0.00015402010050251255,,,,
274,0.9651728868484497,0.00015376884422110555,,,,
275,0.8658283948898315,0.00015351758793969851,,,,
276,0.9849637150764465,0.00015326633165829148,,,,
277,0.7578279972076416,0.00015301507537688442,,,,
278,1.240838646888733,0.00015276381909547739,,,,
279,0.8364576101303101,0.00015251256281407035,,,,
280,0.5104199051856995,0.00015226130653266332,,,,
281,0.7085287570953369,0.00015201005025125628,,,,
282,1.2106716632843018,0.00015175879396984925,,,,
283,0.9652032256126404,0.00015150753768844222,,,,
284,1.137093424797058,0.00015125628140703518,,,,
285,0.7556803226470947,0.00015100502512562815,,,,
286,0.9496380686759949,0.00015075376884422112,,,,
287,0.6660457849502563,0.00015050251256281408,,,,
288,0.7983243465423584,0.00015025125628140705,,,,
289,0.16862753033638,0.00015000000000000001,,,,
290,0.997905969619751,0.00014974874371859298,,,,
291,0.7646271586418152,0.00014949748743718595,,,,
292,1.3368533849716187,0.00014924623115577889,,,,
293,0.9107282161712646,0.00014899497487437185,,,,
294,1.5127602815628052,0.00014874371859296482,,,,
295,0.6319187879562378,0.0001484924623115578,,,,
295,,,0.1302836388349533,0.03984346393262541,0.0641921827311214,
295,,,,,,0.05075740805161127
296,0.40369877219200134,0.00014824120603015078,,,,
297,0.33694612979888916,0.00014798994974874372,,,,
298,0.6290176510810852,0.00014773869346733668,,,,
299,0.49651703238487244,0.00014748743718592965,,,,
300,0.18322408199310303,0.00014723618090452262,,,,
301,0.38519972562789917,0.00014698492462311558,,,,
302,0.6304327249526978,0.00014673366834170855,,,,
303,0.35173097252845764,0.00014648241206030151,,,,
304,0.12662070989608765,0.00014623115577889448,,,,
305,0.3683755695819855,0.00014597989949748745,,,,
306,0.44833844900131226,0.0001457286432160804,,,,
307,0.6459057331085205,0.00014547738693467338,,,,
308,0.38835418224334717,0.00014522613065326634,,,,
309,1.7774890661239624,0.0001449748743718593,,,,
310,0.21676450967788696,0.00014472361809045228,,,,
311,0.2883497476577759,0.00014447236180904524,,,,
312,0.4116235375404358,0.00014422110552763818,,,,
313,0.8220071792602539,0.00014396984924623115,,,,
314,0.462294340133667,0.00014371859296482411,,,,
315,0.5410559773445129,0.0001434673366834171,,,,
316,0.39723488688468933,0.00014321608040201007,,,,
317,0.15776601433753967,0.00014296482412060301,,,,
318,0.767079770565033,0.00014271356783919598,,,,
319,0.6719904541969299,0.00014246231155778895,,,,
320,0.46675077080726624,0.0001422110552763819,,,,
321,0.19378943741321564,0.00014195979899497488,,,,
322,0.48313459753990173,0.00014170854271356784,,,,
323,0.10138435661792755,0.0001414572864321608,,,,
324,0.28737872838974,0.00014120603015075378,,,,
325,0.19077469408512115,0.00014095477386934674,,,,
326,0.6126781702041626,0.0001407035175879397,,,,
327,0.36455094814300537,0.00014045226130653265,,,,
328,0.26969748735427856,0.00014020100502512564,,,,
329,0.1720234453678131,0.0001399497487437186,,,,
330,0.3234931230545044,0.00013969849246231157,,,,
331,0.2355315089225769,0.00013944723618090454,,,,
332,0.34755706787109375,0.00013919597989949748,,,,
333,0.19699454307556152,0.00013894472361809045,,,,
334,0.6468373537063599,0.0001386934673366834,,,,
335,0.3353739082813263,0.0001384422110552764,,,,
336,0.18930324912071228,0.00013819095477386937,,,,
337,0.6806774735450745,0.0001379396984924623,,,,
338,0.3619993329048157,0.00013768844221105528,,,,
339,1.1562530994415283,0.00013743718592964824,,,,
340,0.17001712322235107,0.0001371859296482412,,,,
341,0.36864566802978516,0.00013693467336683418,,,,
342,0.2904488444328308,0.00013668341708542714,,,,
343,0.20178227126598358,0.0001364321608040201,,,,
344,0.3984682559967041,0.00013618090452261307,,,,
345,0.48933979868888855,0.00013592964824120604,,,,
346,0.2506500482559204,0.000135678391959799,,,,
347,0.533667802810669,0.00013542713567839195,,,,
348,0.33495044708251953,0.00013517587939698494,,,,
349,0.3512870669364929,0.0001349246231155779,,,,
350,0.16215674579143524,0.00013467336683417087,,,,
351,0.25906965136528015,0.00013442211055276384,,,,
352,0.26547059416770935,0.00013417085427135678,,,,
353,0.6059108972549438,0.00013391959798994974,,,,
354,0.3372572362422943,0.0001336683417085427,,,,
355,0.2786599397659302,0.0001334170854271357,,,,
356,0.590269923210144,0.00013316582914572867,,,,
357,0.33643078804016113,0.0001329145728643216,,,,
358,0.6114564538002014,0.00013266331658291457,,,,
359,0.6326196193695068,0.00013241206030150754,,,,
360,0.2283681482076645,0.0001321608040201005,,,,
361,0.27835696935653687,0.00013190954773869347,,,,
362,0.19421729445457458,0.00013165829145728644,,,,
363,0.1775054633617401,0.0001314070351758794,,,,
364,0.47008347511291504,0.00013115577889447237,,,,
365,1.1339958906173706,0.00013090452261306534,,,,
366,0.28768545389175415,0.0001306532663316583,,,,
367,0.27160125970840454,0.00013040201005025124,,,,
368,0.6175243258476257,0.00013015075376884424,,,,
369,0.36040472984313965,0.0001298994974874372,,,,
370,0.5878483057022095,0.00012964824120603017,,,,
371,0.26349160075187683,0.00012939698492462313,,,,
372,0.41140758991241455,0.00012914572864321607,,,,
373,0.6055383682250977,0.00012889447236180904,,,,
374,0.8303602933883667,0.000128643216080402,,,,
375,0.4671419560909271,0.000128391959798995,,,,
376,0.1577416956424713,0.00012814070351758797,,,,
377,0.23104113340377808,0.0001278894472361809,,,,
378,0.41604235768318176,0.00012763819095477387,,,,
379,0.6238604784011841,0.00012738693467336684,,,,
380,0.18797945976257324,0.0001271356783919598,,,,
381,0.22532084584236145,0.00012688442211055277,,,,
382,0.4246448576450348,0.00012663316582914574,,,,
383,0.47775042057037354,0.0001263819095477387,,,,
384,0.39130377769470215,0.00012613065326633167,,,,
385,0.45004892349243164,0.00012587939698492463,,,,
386,0.17512087523937225,0.0001256281407035176,,,,
387,0.15591350197792053,0.00012537688442211054,,,,
388,0.3150409758090973,0.00012512562814070353,,,,
389,0.6270331144332886,0.0001248743718592965,,,,
390,0.26542770862579346,0.00012462311557788947,,,,
391,1.0005242824554443,0.0001243718592964824,,,,
392,0.1662452667951584,0.00012412060301507537,,,,
393,0.2711808979511261,0.00012386934673366834,,,,
394,0.2175087332725525,0.0001236180904522613,,,,
395,0.1733214110136032,0.0001233668341708543,,,,
396,0.6665756702423096,0.00012311557788944724,,,,
397,0.3014015257358551,0.0001228643216080402,,,,
398,0.281090646982193,0.00012261306532663317,,,,
399,0.2059413641691208,0.00012236180904522613,,,,
400,0.5424659252166748,0.0001221105527638191,,,,
401,0.4108618497848511,0.00012185929648241205,,,,
402,0.48663654923439026,0.00012160804020100502,,,,
403,0.3631713390350342,0.000121356783919598,,,,
404,0.22031615674495697,0.00012110552763819097,,,,
405,0.3082275092601776,0.00012085427135678393,,,,
406,0.2238450050354004,0.00012060301507537688,,,,
407,0.2230752408504486,0.00012035175879396985,,,,
408,0.4000738859176636,0.00012010050251256282,,,,
409,0.1708388328552246,0.00011984924623115578,,,,
410,0.5844999551773071,0.00011959798994974876,,,,
411,0.30674633383750916,0.0001193467336683417,,,,
412,0.5201958417892456,0.00011909547738693467,,,,
413,0.45593205094337463,0.00011884422110552765,,,,
414,0.3886595666408539,0.00011859296482412061,,,,
415,0.23938916623592377,0.00011834170854271358,,,,
416,0.3745707869529724,0.00011809045226130653,,,,
417,0.6608352661132812,0.0001178391959798995,,,,
418,0.12289364635944366,0.00011758793969849247,,,,
419,0.2957136034965515,0.00011733668341708543,,,,
420,0.9002060890197754,0.00011708542713567841,,,,
421,0.6514961123466492,0.00011683417085427135,,,,
422,0.3773398995399475,0.00011658291457286432,,,,
423,0.46375933289527893,0.0001163316582914573,,,,
424,0.42220497131347656,0.00011608040201005026,,,,
425,0.29660695791244507,0.00011582914572864323,,,,
426,0.538905918598175,0.00011557788944723618,,,,
427,0.1035308986902237,0.00011532663316582915,,,,
428,0.32296428084373474,0.00011507537688442211,,,,
429,0.6096208095550537,0.00011482412060301508,,,,
430,0.6492407917976379,0.00011457286432160806,,,,
431,0.5632842183113098,0.000114321608040201,,,,
432,0.15695960819721222,0.00011407035175879396,,,,
433,0.1584530919790268,0.00011381909547738694,,,,
434,0.380965918302536,0.00011356783919597991,,,,
435,0.606352686882019,0.00011331658291457288,,,,
436,0.3224199414253235,0.00011306532663316583,,,,
437,1.1177608966827393,0.0001128140703517588,,,,
438,0.062079623341560364,0.00011256281407035176,,,,
439,0.4256105422973633,0.00011231155778894473,,,,
440,0.5522419214248657,0.00011206030150753771,,,,
441,0.18262717127799988,0.00011180904522613065,,,,
442,0.9607861042022705,0.00011155778894472361,,,,
443,0.19861945509910583,0.00011130653266331659,,,,
444,0.46472951769828796,0.00011105527638190956,,,,
445,0.7678712606430054,0.00011080402010050253,,,,
446,0.9928004741668701,0.00011055276381909548,,,,
447,0.36898738145828247,0.00011030150753768844,,,,
448,0.3313014805316925,0.00011005025125628141,,,,
449,0.2795289158821106,0.00010979899497487438,,,,
450,0.21023325622081757,0.00010954773869346736,,,,
451,0.21109336614608765,0.0001092964824120603,,,,
452,0.42739051580429077,0.00010904522613065326,,,,
453,0.5230530500411987,0.00010879396984924624,,,,
454,0.33599695563316345,0.00010854271356783921,,,,
455,0.5642135739326477,0.00010829145728643217,,,,
456,0.13623657822608948,0.00010804020100502513,,,,
457,0.2260756641626358,0.00010778894472361809,,,,
458,0.2295302301645279,0.00010753768844221106,,,,
459,0.8028942346572876,0.00010728643216080403,,,,
460,0.08741526305675507,0.00010703517587939699,,,,
461,0.28928709030151367,0.00010678391959798994,,,,
462,0.39902350306510925,0.00010653266331658291,,,,
463,0.574090838432312,0.00010628140703517589,,,,
464,0.8638074994087219,0.00010603015075376886,,,,
465,0.4316200613975525,0.00010577889447236182,,,,
466,0.2525699734687805,0.00010552763819095478,,,,
467,0.7152267694473267,0.00010527638190954774,,,,
468,0.2666857838630676,0.00010502512562814071,,,,
469,0.27532196044921875,0.00010477386934673367,,,,
470,1.4473998546600342,0.00010452261306532664,,,,
471,0.2365020215511322,0.00010427135678391959,,,,
472,0.38041284680366516,0.00010402010050251256,,,,
473,0.2522445619106293,0.00010376884422110554,,,,
474,0.4858805537223816,0.0001035175879396985,,,,
475,0.4599972367286682,0.00010326633165829147,,,,
476,0.0282849483191967,0.00010301507537688442,,,,
477,0.35999351739883423,0.00010276381909547739,,,,
478,0.11443872004747391,0.00010251256281407036,,,,
479,0.21397686004638672,0.00010226130653266332,,,,
480,0.3170422315597534,0.00010201005025125629,,,,
481,0.8801261186599731,0.00010175879396984924,,,,
482,0.9115713834762573,0.00010150753768844221,,,,
483,0.10801296681165695,0.00010125628140703519,,,,
484,0.4177181124687195,0.00010100502512562815,,,,
485,0.3443275988101959,0.00010075376884422112,,,,
486,0.1690269261598587,0.00010050251256281407,,,,
487,0.29995623230934143,0.00010025125628140704,,,,
488,0.472947359085083,0.0001,,,,
489,0.2112029641866684,9.974874371859297e-05,,,,
490,0.3648119568824768,9.949748743718594e-05,,,,
491,0.2969132661819458,9.92462311557789e-05,,,,
492,0.3269304037094116,9.899497487437186e-05,,,,
493,0.32878631353378296,9.874371859296482e-05,,,,
494,0.3988250494003296,9.84924623115578e-05,,,,
495,0.24405431747436523,9.824120603015075e-05,,,,
496,0.33585596084594727,9.798994974874372e-05,,,,
497,0.44364631175994873,9.773869346733669e-05,,,,
498,0.7015568614006042,9.748743718592965e-05,,,,
499,0.5136786103248596,9.723618090452262e-05,,,,
500,0.6118572354316711,9.698492462311559e-05,,,,
501,0.239708811044693,9.673366834170855e-05,,,,
502,0.4164712131023407,9.64824120603015e-05,,,,
503,0.4161176383495331,9.623115577889447e-05,,,,
504,0.9161038398742676,9.597989949748745e-05,,,,
505,0.2960052192211151,9.57286432160804e-05,,,,
506,0.32760071754455566,9.547738693467337e-05,,,,
507,0.20130501687526703,9.522613065326634e-05,,,,
508,0.18412141501903534,9.49748743718593e-05,,,,
509,0.2667737901210785,9.472361809045227e-05,,,,
510,0.17391610145568848,9.447236180904523e-05,,,,
511,0.2369133085012436,9.42211055276382e-05,,,,
512,0.23163478076457977,9.396984924623115e-05,,,,
513,0.40065717697143555,9.371859296482412e-05,,,,
514,0.30115899443626404,9.34673366834171e-05,,,,
515,0.6220402121543884,9.321608040201005e-05,,,,
516,0.18647310137748718,9.296482412060302e-05,,,,
517,0.5418189764022827,9.271356783919598e-05,,,,
518,0.40372928977012634,9.246231155778895e-05,,,,
519,0.4116584062576294,9.221105527638192e-05,,,,
520,0.21063603460788727,9.195979899497488e-05,,,,
521,0.7288007736206055,9.170854271356785e-05,,,,
522,1.0642322301864624,9.14572864321608e-05,,,,
523,0.5360050797462463,9.120603015075377e-05,,,,
524,0.4715264141559601,9.095477386934675e-05,,,,
525,0.7597951889038086,9.07035175879397e-05,,,,
526,0.24638588726520538,9.045226130653267e-05,,,,
527,0.32651445269584656,9.020100502512563e-05,,,,
528,0.3688802719116211,8.99497487437186e-05,,,,
529,0.12928012013435364,8.969849246231157e-05,,,,
530,0.5064247846603394,8.944723618090453e-05,,,,
531,0.21510152518749237,8.91959798994975e-05,,,,
532,0.18898722529411316,8.894472361809045e-05,,,,
533,0.3753603994846344,8.869346733668342e-05,,,,
534,0.4289417862892151,8.84422110552764e-05,,,,
535,0.2352350503206253,8.819095477386935e-05,,,,
536,0.2558574974536896,8.793969849246232e-05,,,,
537,0.525193989276886,8.768844221105528e-05,,,,
538,0.16580647230148315,8.743718592964825e-05,,,,
539,0.21678206324577332,8.71859296482412e-05,,,,
540,0.5442405939102173,8.693467336683418e-05,,,,
541,0.4139263331890106,8.668341708542715e-05,,,,
542,0.6070395708084106,8.64321608040201e-05,,,,
543,0.5732041597366333,8.618090452261306e-05,,,,
544,0.3978266417980194,8.592964824120603e-05,,,,
545,0.16014507412910461,8.5678391959799e-05,,,,
546,0.40697336196899414,8.542713567839196e-05,,,,
547,0.07324283570051193,8.517587939698493e-05,,,,
548,0.45368555188179016,8.49246231155779e-05,,,,
549,0.03340454027056694,8.467336683417085e-05,,,,
550,0.6541458964347839,8.442211055276383e-05,,,,
551,0.5015050172805786,8.41708542713568e-05,,,,
552,0.2842305898666382,8.391959798994975e-05,,,,
553,0.4868689477443695,8.366834170854271e-05,,,,
554,0.7411508560180664,8.341708542713568e-05,,,,
555,0.48132580518722534,8.316582914572865e-05,,,,
556,0.3111618161201477,8.291457286432161e-05,,,,
557,0.9853896498680115,8.266331658291458e-05,,,,
558,0.11666064709424973,8.241206030150754e-05,,,,
559,0.27144357562065125,8.21608040201005e-05,,,,
560,0.34969431161880493,8.190954773869348e-05,,,,
561,0.36086830496788025,8.165829145728644e-05,,,,
562,1.064000129699707,8.14070351758794e-05,,,,
563,0.5444096922874451,8.115577889447236e-05,,,,
564,0.46645861864089966,8.090452261306533e-05,,,,
565,0.4311215877532959,8.06532663316583e-05,,,,
566,0.37530335783958435,8.040201005025126e-05,,,,
567,0.2516736686229706,8.015075376884423e-05,,,,
568,0.2889547049999237,7.989949748743719e-05,,,,
569,0.08237259089946747,7.964824120603015e-05,,,,
570,0.29913580417633057,7.939698492462313e-05,,,,
571,0.3281477689743042,7.914572864321609e-05,,,,
572,0.41378092765808105,7.889447236180904e-05,,,,
573,0.2199678272008896,7.864321608040201e-05,,,,
574,0.16251398622989655,7.839195979899498e-05,,,,
575,0.23128829896450043,7.814070351758794e-05,,,,
576,0.27909180521965027,7.788944723618091e-05,,,,
577,0.0776456892490387,7.763819095477388e-05,,,,
578,0.1510646492242813,7.738693467336684e-05,,,,
579,0.37133297324180603,7.71356783919598e-05,,,,
580,1.247871994972229,7.688442211055277e-05,,,,
581,1.0598634481430054,7.663316582914574e-05,,,,
582,0.48163431882858276,7.638190954773869e-05,,,,
583,0.42797785997390747,7.613065326633166e-05,,,,
584,0.5131444334983826,7.587939698492463e-05,,,,
585,0.2495584487915039,7.562814070351759e-05,,,,
586,0.4196835160255432,7.537688442211056e-05,,,,
587,0.2399572730064392,7.512562814070352e-05,,,,
588,0.7795325517654419,7.487437185929649e-05,,,,
589,0.39800769090652466,7.462311557788944e-05,,,,
590,0.22000430524349213,7.437185929648241e-05,,,,
590,,,0.11924005299806595,0.032359941413401684,0.054051393127892096,
590,,,,,,0.048006071914234213
591,0.09245698899030685,7.412060301507539e-05,,,,
592,0.10209675133228302,7.386934673366834e-05,,,,
593,0.23752404749393463,7.361809045226131e-05,,,,
594,0.18659032881259918,7.336683417085427e-05,,,,
595,0.12278861552476883,7.311557788944724e-05,,,,
596,0.2626442313194275,7.28643216080402e-05,,,,
597,0.0799378901720047,7.261306532663317e-05,,,,
598,0.24829450249671936,7.236180904522614e-05,,,,
599,0.1870461255311966,7.211055276381909e-05,,,,
600,0.10611516237258911,7.185929648241206e-05,,,,
601,0.13528099656105042,7.160804020100504e-05,,,,
602,0.2919938266277313,7.135678391959799e-05,,,,
603,0.18920111656188965,7.110552763819096e-05,,,,
604,0.05805639550089836,7.085427135678392e-05,,,,
605,0.1253303438425064,7.060301507537689e-05,,,,
606,0.19336311519145966,7.035175879396985e-05,,,,
607,0.04869445785880089,7.010050251256282e-05,,,,
608,0.0895872414112091,6.984924623115579e-05,,,,
609,0.21658991277217865,6.959798994974874e-05,,,,
610,0.023379260674118996,6.93467336683417e-05,,,,
611,0.339383065700531,6.909547738693469e-05,,,,
612,0.09638211876153946,6.884422110552764e-05,,,,
613,0.2587762475013733,6.85929648241206e-05,,,,
614,0.1673382669687271,6.834170854271357e-05,,,,
615,0.05591653287410736,6.809045226130654e-05,,,,
616,0.07007483392953873,6.78391959798995e-05,,,,
617,0.5279593467712402,6.758793969849247e-05,,,,
618,0.06023772805929184,6.733668341708544e-05,,,,
619,0.1704273521900177,6.708542713567839e-05,,,,
620,0.08470841497182846,6.683417085427135e-05,,,,
621,0.0809108167886734,6.658291457286433e-05,,,,
622,0.052207101136446,6.633165829145729e-05,,,,
623,0.04428592696785927,6.608040201005025e-05,,,,
624,0.09579887986183167,6.582914572864322e-05,,,,
625,0.07954616844654083,6.557788944723619e-05,,,,
626,0.19292865693569183,6.532663316582915e-05,,,,
627,0.12659399211406708,6.507537688442212e-05,,,,
628,0.09383013844490051,6.482412060301508e-05,,,,
629,0.1711307168006897,6.457286432160804e-05,,,,
630,0.14108861982822418,6.4321608040201e-05,,,,
631,0.030649665743112564,6.407035175879398e-05,,,,
632,0.1087518259882927,6.381909547738694e-05,,,,
633,0.07601364701986313,6.35678391959799e-05,,,,
634,0.14871098101139069,6.331658291457287e-05,,,,
635,0.06903551518917084,6.306532663316583e-05,,,,
636,0.07637988030910492,6.28140703517588e-05,,,,
637,0.022778652608394623,6.256281407035177e-05,,,,
638,0.0846567302942276,6.231155778894473e-05,,,,
639,0.01740279048681259,6.206030150753769e-05,,,,
640,0.04201262816786766,6.180904522613065e-05,,,,
641,0.1775730401277542,6.155778894472362e-05,,,,
642,0.05400329828262329,6.130653266331658e-05,,,,
643,0.2576858699321747,6.105527638190955e-05,,,,
644,0.0127330357208848,6.080402010050251e-05,,,,
645,0.09546338021755219,6.055276381909548e-05,,,,
646,0.24648958444595337,6.030150753768844e-05,,,,
647,0.1657688319683075,6.005025125628141e-05,,,,
648,0.028027212247252464,5.979899497487438e-05,,,,
649,0.3236073851585388,5.9547738693467334e-05,,,,
650,0.1563674807548523,5.929648241206031e-05,,,,
651,0.1406717747449875,5.9045226130653266e-05,,,,
652,0.018801705911755562,5.879396984924623e-05,,,,
653,0.1272244155406952,5.8542713567839206e-05,,,,
654,0.21269699931144714,5.829145728643216e-05,,,,
655,0.17695803940296173,5.804020100502513e-05,,,,
656,0.062343448400497437,5.778894472361809e-05,,,,
657,0.025476301088929176,5.753768844221106e-05,,,,
658,0.10169979929924011,5.728643216080403e-05,,,,
659,0.09522311389446259,5.703517587939698e-05,,,,
660,0.2999833822250366,5.6783919597989955e-05,,,,
661,0.36669591069221497,5.6532663316582915e-05,,,,
662,0.023480460047721863,5.628140703517588e-05,,,,
663,0.017871588468551636,5.6030150753768854e-05,,,,
664,0.022979507222771645,5.577889447236181e-05,,,,
665,0.23317357897758484,5.552763819095478e-05,,,,
666,0.018834032118320465,5.527638190954774e-05,,,,
667,0.300383597612381,5.5025125628140705e-05,,,,
668,0.020117904990911484,5.477386934673368e-05,,,,
669,0.08156391978263855,5.452261306532663e-05,,,,
670,0.12579435110092163,5.4271356783919604e-05,,,,
671,0.06682024151086807,5.4020100502512563e-05,,,,
672,0.13260099291801453,5.376884422110553e-05,,,,
673,0.17681986093521118,5.3517587939698496e-05,,,,
674,0.062248457223176956,5.3266331658291455e-05,,,,
675,0.026200607419013977,5.301507537688443e-05,,,,
676,0.014907941222190857,5.276381909547739e-05,,,,
677,0.06929200887680054,5.2512562814070354e-05,,,,
678,0.3444087505340576,5.226130653266332e-05,,,,
679,0.0716191902756691,5.201005025125628e-05,,,,
680,0.11680404841899872,5.175879396984925e-05,,,,
681,0.2154426872730255,5.150753768844221e-05,,,,
682,0.21282848715782166,5.125628140703518e-05,,,,
683,0.04194531589746475,5.1005025125628144e-05,,,,
684,0.05471217632293701,5.0753768844221104e-05,,,,
685,0.1002442017197609,5.050251256281408e-05,,,,
686,0.154475599527359,5.0251256281407036e-05,,,,
687,0.11287084221839905,5e-05,,,,
688,0.10476423054933548,4.974874371859297e-05,,,,
689,0.05450139194726944,4.949748743718593e-05,,,,
690,0.08620980381965637,4.92462311557789e-05,,,,
691,0.06269019842147827,4.899497487437186e-05,,,,
692,0.16227179765701294,4.874371859296483e-05,,,,
693,0.19676586985588074,4.849246231155779e-05,,,,
694,0.25041839480400085,4.824120603015075e-05,,,,
695,0.2795757055282593,4.7989949748743725e-05,,,,
696,0.07665995508432388,4.7738693467336685e-05,,,,
697,0.1354638636112213,4.748743718592965e-05,,,,
698,0.17768007516860962,4.723618090452262e-05,,,,
699,0.0700034648180008,4.6984924623115577e-05,,,,
700,0.21523508429527283,4.673366834170855e-05,,,,
701,0.0332987941801548,4.648241206030151e-05,,,,
702,0.12764006853103638,4.6231155778894475e-05,,,,
703,0.12072286754846573,4.597989949748744e-05,,,,
704,0.008403578773140907,4.57286432160804e-05,,,,
705,0.15507274866104126,4.5477386934673374e-05,,,,
706,0.0839090347290039,4.522613065326633e-05,,,,
707,0.24953392148017883,4.49748743718593e-05,,,,
708,0.10011635720729828,4.4723618090452266e-05,,,,
709,0.15689897537231445,4.4472361809045225e-05,,,,
710,0.2290106862783432,4.42211055276382e-05,,,,
711,0.031813979148864746,4.396984924623116e-05,,,,
712,0.3628741204738617,4.3718592964824124e-05,,,,
713,0.07451874017715454,4.346733668341709e-05,,,,
714,0.043499208986759186,4.321608040201005e-05,,,,
715,0.054631832987070084,4.2964824120603016e-05,,,,
716,0.08988572657108307,4.271356783919598e-05,,,,
717,0.10914375633001328,4.246231155778895e-05,,,,
718,0.24843889474868774,4.2211055276381914e-05,,,,
719,0.017556646838784218,4.1959798994974874e-05,,,,
720,0.09892893582582474,4.170854271356784e-05,,,,
721,0.1715722531080246,4.1457286432160806e-05,,,,
722,0.03737755864858627,4.120603015075377e-05,,,,
723,0.18466654419898987,4.095477386934674e-05,,,,
724,0.28124362230300903,4.07035175879397e-05,,,,
725,0.01958375796675682,4.0452261306532664e-05,,,,
726,0.1263713538646698,4.020100502512563e-05,,,,
727,0.2115001082420349,3.9949748743718597e-05,,,,
728,0.2585338354110718,3.969849246231156e-05,,,,
729,0.10998053848743439,3.944723618090452e-05,,,,
730,0.05749121308326721,3.919597989949749e-05,,,,
731,0.059515852481126785,3.8944723618090455e-05,,,,
732,0.29379135370254517,3.869346733668342e-05,,,,
733,0.07348688691854477,3.844221105527639e-05,,,,
734,0.07153580337762833,3.8190954773869346e-05,,,,
735,0.15924130380153656,3.793969849246231e-05,,,,
736,0.16508913040161133,3.768844221105528e-05,,,,
737,0.12940479815006256,3.7437185929648245e-05,,,,
738,0.05267535522580147,3.7185929648241204e-05,,,,
739,0.012954642064869404,3.693467336683417e-05,,,,
740,0.1392299383878708,3.668341708542714e-05,,,,
741,0.12688271701335907,3.64321608040201e-05,,,,
742,0.18003807961940765,3.618090452261307e-05,,,,
743,0.1596728265285492,3.592964824120603e-05,,,,
744,0.31700271368026733,3.5678391959798995e-05,,,,
745,0.14812703430652618,3.542713567839196e-05,,,,
746,0.1796392947435379,3.517587939698493e-05,,,,
747,0.01214331854134798,3.4924623115577894e-05,,,,
748,0.14302057027816772,3.467336683417085e-05,,,,
749,0.10425227135419846,3.442211055276382e-05,,,,
750,0.12227221578359604,3.4170854271356785e-05,,,,
751,0.06259086728096008,3.391959798994975e-05,,,,
752,0.17654579877853394,3.366834170854272e-05,,,,
753,0.11330980062484741,3.341708542713568e-05,,,,
754,0.0489145964384079,3.3165829145728643e-05,,,,
755,0.0923306792974472,3.291457286432161e-05,,,,
756,0.02767021767795086,3.2663316582914576e-05,,,,
757,0.18748633563518524,3.241206030150754e-05,,,,
758,0.45084911584854126,3.21608040201005e-05,,,,
759,0.01629539579153061,3.190954773869347e-05,,,,
760,0.0109924441203475,3.1658291457286434e-05,,,,
761,0.11729598045349121,3.14070351758794e-05,,,,
762,0.026302941143512726,3.1155778894472366e-05,,,,
763,0.02649659663438797,3.0904522613065326e-05,,,,
764,0.0897483080625534,3.065326633165829e-05,,,,
765,0.1329164355993271,3.0402010050251255e-05,,,,
766,0.17659887671470642,3.015075376884422e-05,,,,
767,0.10327710956335068,2.989949748743719e-05,,,,
768,0.2191036194562912,2.9648241206030153e-05,,,,
769,0.10480909049510956,2.9396984924623116e-05,,,,
770,0.11743500828742981,2.914572864321608e-05,,,,
771,0.26649221777915955,2.8894472361809045e-05,,,,
772,0.06129543483257294,2.8643216080402015e-05,,,,
773,0.24074575304985046,2.8391959798994978e-05,,,,
774,0.011011354625225067,2.814070351758794e-05,,,,
775,0.010057734325528145,2.7889447236180903e-05,,,,
776,0.050706200301647186,2.763819095477387e-05,,,,
777,0.1582464873790741,2.738693467336684e-05,,,,
778,0.23389683663845062,2.7135678391959802e-05,,,,
779,0.07128550112247467,2.6884422110552765e-05,,,,
780,0.08061715215444565,2.6633165829145728e-05,,,,
781,0.14888150990009308,2.6381909547738694e-05,,,,
782,0.23078839480876923,2.613065326633166e-05,,,,
783,0.05614062398672104,2.5879396984924626e-05,,,,
784,0.04070653021335602,2.562814070351759e-05,,,,
785,0.09325526654720306,2.5376884422110552e-05,,,,
786,0.012020151130855083,2.5125628140703518e-05,,,,
787,0.2690870761871338,2.4874371859296484e-05,,,,
788,0.3481486439704895,2.462311557788945e-05,,,,
789,0.2582952678203583,2.4371859296482413e-05,,,,
790,0.01476390939205885,2.4120603015075376e-05,,,,
791,0.05384040251374245,2.3869346733668342e-05,,,,
792,0.2376706898212433,2.361809045226131e-05,,,,
793,0.1180277094244957,2.3366834170854275e-05,,,,
794,0.1189347580075264,2.3115577889447238e-05,,,,
795,0.15688632428646088,2.28643216080402e-05,,,,
796,0.06485762447118759,2.2613065326633167e-05,,,,
797,0.040164828300476074,2.2361809045226133e-05,,,,
798,0.1660260558128357,2.21105527638191e-05,,,,
799,0.012273350730538368,2.1859296482412062e-05,,,,
800,0.06071104854345322,2.1608040201005025e-05,,,,
801,0.0078801978379488,2.135678391959799e-05,,,,
802,0.14965365827083588,2.1105527638190957e-05,,,,
803,0.11851383745670319,2.085427135678392e-05,,,,
804,0.06024619936943054,2.0603015075376886e-05,,,,
805,0.06686471402645111,2.035175879396985e-05,,,,
806,0.23181094229221344,2.0100502512562815e-05,,,,
807,0.06493481248617172,1.984924623115578e-05,,,,
808,0.1725534349679947,1.9597989949748744e-05,,,,
809,0.1270533949136734,1.934673366834171e-05,,,,
810,0.09036627411842346,1.9095477386934673e-05,,,,
811,0.03660329803824425,1.884422110552764e-05,,,,
812,0.2800247073173523,1.8592964824120602e-05,,,,
813,0.08629469573497772,1.834170854271357e-05,,,,
814,0.02587297186255455,1.8090452261306535e-05,,,,
815,0.033418286591768265,1.7839195979899497e-05,,,,
816,0.11997605115175247,1.7587939698492464e-05,,,,
817,0.14479264616966248,1.7336683417085427e-05,,,,
818,0.33817899227142334,1.7085427135678393e-05,,,,
819,0.08335061371326447,1.683417085427136e-05,,,,
820,0.19217580556869507,1.6582914572864322e-05,,,,
821,0.03769777715206146,1.6331658291457288e-05,,,,
822,0.010473665781319141,1.608040201005025e-05,,,,
823,0.027804210782051086,1.5829145728643217e-05,,,,
824,0.06732479482889175,1.5577889447236183e-05,,,,
825,0.043388936668634415,1.5326633165829146e-05,,,,
826,0.04732513800263405,1.507537688442211e-05,,,,
827,0.06970824301242828,1.4824120603015077e-05,,,,
828,0.11003676056861877,1.457286432160804e-05,,,,
829,0.13232587277889252,1.4321608040201007e-05,,,,
830,0.08445866405963898,1.407035175879397e-05,,,,
831,0.10834869742393494,1.3819095477386935e-05,,,,
832,0.10079667717218399,1.3567839195979901e-05,,,,
833,0.023502985015511513,1.3316582914572864e-05,,,,
834,0.08746220171451569,1.306532663316583e-05,,,,
835,0.19998247921466827,1.2814070351758795e-05,,,,
836,0.0809345692396164,1.2562814070351759e-05,,,,
837,0.16730757057666779,1.2311557788944725e-05,,,,
838,0.03455256670713425,1.2060301507537688e-05,,,,
839,0.032263342291116714,1.1809045226130654e-05,,,,
840,0.1347038298845291,1.1557788944723619e-05,,,,
841,0.019637789577245712,1.1306532663316583e-05,,,,
842,0.08399809151887894,1.105527638190955e-05,,,,
843,0.21343116462230682,1.0804020100502512e-05,,,,
844,0.09959208220243454,1.0552763819095479e-05,,,,
845,0.15663544833660126,1.0301507537688443e-05,,,,
846,0.0203065387904644,1.0050251256281408e-05,,,,
847,0.012199725955724716,9.798994974874372e-06,,,,
848,0.012308934703469276,9.547738693467337e-06,,,,
849,0.16205504536628723,9.296482412060301e-06,,,,
850,0.03525036573410034,9.045226130653267e-06,,,,
851,0.28543025255203247,8.793969849246232e-06,,,,
852,0.21236824989318848,8.542713567839196e-06,,,,
853,0.2085689902305603,8.291457286432161e-06,,,,
854,0.0415637269616127,8.040201005025125e-06,,,,
855,0.3778494894504547,7.788944723618092e-06,,,,
856,0.11533290147781372,7.537688442211055e-06,,,,
857,0.0721592977643013,7.28643216080402e-06,,,,
858,0.05876372382044792,7.035175879396985e-06,,,,
859,0.10915017873048782,6.7839195979899505e-06,,,,
860,0.07956701517105103,6.532663316582915e-06,,,,
861,0.11172807216644287,6.2814070351758795e-06,,,,
862,0.05647708848118782,6.030150753768844e-06,,,,
863,0.08880990743637085,5.778894472361809e-06,,,,
864,0.09358751773834229,5.527638190954775e-06,,,,
865,0.20586465299129486,5.276381909547739e-06,,,,
866,0.08974280953407288,5.025125628140704e-06,,,,
867,0.007237595971673727,4.773869346733668e-06,,,,
868,0.27245503664016724,4.522613065326634e-06,,,,
869,0.01378705445677042,4.271356783919598e-06,,,,
870,0.07185862213373184,4.020100502512563e-06,,,,
871,0.17446033656597137,3.7688442211055276e-06,,,,
872,0.2699258327484131,3.5175879396984926e-06,,,,
873,0.23683927953243256,3.2663316582914575e-06,,,,
874,0.11116328835487366,3.015075376884422e-06,,,,
875,0.16655319929122925,2.7638190954773874e-06,,,,
876,0.05946143716573715,2.512562814070352e-06,,,,
877,0.09804507344961166,2.261306532663317e-06,,,,
878,0.05260567367076874,2.0100502512562813e-06,,,,
879,0.13253933191299438,1.7587939698492463e-06,,,,
880,0.037407949566841125,1.507537688442211e-06,,,,
881,0.31215816736221313,1.256281407035176e-06,,,,
882,0.12149475514888763,1.0050251256281407e-06,,,,
883,0.09267249703407288,7.537688442211055e-07,,,,
884,0.09177888929843903,5.025125628140703e-07,,,,
885,0.003467516740784049,2.5125628140703517e-07,,,,
885,,,0.12460141628980637,0.03233705602343464,0.05257457910800433,
885,,,,,,0.04674108978210683
885,,,,,,
