segment_id,meeting_id,ref,hyp
vivos_test_00000,,nửa vòng trái đất hơn 75,nửa vòng trái đất hơn 75
vivos_test_00001,,4 chiếc trống đại phèng la,4 chiếc trống đại phèn la
vivos_test_00002,,của những thế lực hùng mạnh,của những thế lực hùng mạnh
vivos_test_00003,,ông nhặt nó lên,ông nhặt nó lên
vivos_test_00004,,thế nhưng khi giá phôi thép thế giới cao dần,thế nhưng khi giá phôi thép thế giới cao dần
vivos_test_00005,,tên gọi tại địa phương là trắc thối,tên gọi tại địa phương là trắc thoái
vivos_test_00006,,doanh nghiệp tuyển dụng lao động nước ngoài,doanh nghiệp tuyển dụng lao động nước ngoài
vivos_test_00007,,tức khắc ập về kéo mọi người thứ trở lại thời hoang sơ,tức khắc ập về kéo mọi người thứ trở lại thời hoang sơ
vivos_test_00008,,mới đây nhất là các tiểu vương quốc ả rập thống nhất,mới đây nhất là các tiểu vương quốc ả rập thống nhất
vivos_test_00009,,lần lữa mãi mới gặp được tuyên,lần nữa mãi mới gặp được tuyên
vivos_test_00010,,tôi nghĩ thủ tướng sẽ không né tránh bất cứ câu hỏi nào,tôi nghĩ thủ tướng sẽ không né tránh bất cứ câu hỏi nào
vivos_test_00011,,chưa rục rịch gì,chưa rục rịch gì
vivos_test_00012,,ngồi chồm chồm cách chỉ mấy mét,ngồi chồm chồm cách chỉ mấy mét
vivos_test_00013,,ra hiệu cho tôi im lặng,ra hiệu cho tôi im lặng
vivos_test_00014,,hãy tưởng tượng rằng bạn là là giám đốc dự án trong 1 công ty lớn,hãy tưởng tượng rằng bạn là giám đốc dự án trong 1 công ty lớn
vivos_test_00015,,mà mường tượng ra hình bóng mẹ,mà mường tượng ra hình bóng mẹ
vivos_test_00016,,những người sống thì tha thẩn trong nhà ngoài ngõ,những người sống thì tha thẩn trong nhà ngoài ngõ
vivos_test_00017,,nhưng mức án tử hình đối với các bị cáo là tương xứng,nhưng mức án tử hình đối với các bị cáo là tương xứng
vivos_test_00018,,cả không gian nhuốm màu tro bếp,cả không gian nhuốm màu tro bếp
vivos_test_00019,,chậm nắm bắt xu hướng phát triển công nghệ mới,chậm nắm bắt xu hướng phát triển công nghệ mới
vivos_test_00020,,mỗi người 1 số phận em à,mỗi người 1 số phận em à
vivos_test_00021,,lại quay ra tập viết báo rồi gửi vu vơ,lại quay ra tập viết báo rồi gửi vu vơ
vivos_test_00022,,làm hỏng các thiết bị của tên lửa,làm hỏng các thiết bị của tên lửa
vivos_test_00023,,mà còn bị những bộ mặt lạnh te kia hoạnh họe,mà còn bị những bộ mặt lạnh te kia hoạnh hoạch
vivos_test_00024,,nhưng mùi hôi vẫn xộc vào tận óc,nhưng mùi hôi vẫn sọc vào tận óc
vivos_test_00025,,chị 2 chủ quán nghe bàn tán rôm rả cũng ra góp chuyện,chị 2 chủ quán nghe bàn tán rôm rả cũng ra góp chuyện
vivos_test_00026,,trông 1 cô nàng đổ người lên lưng anh người yêu gầy còm,trong 1 cô nàng đổ người lên lưng anh người yêu gầy còm
vivos_test_00027,,nguyên thứ trưởng mai văn dâu đã bị bắt,nguyên thứ trưởng mai văn dâu đã bị bắt
vivos_test_00028,,cộng đồng người mê toán học trên toàn thế giới,cộng đồng người mê toán học trên toàn thế giới
vivos_test_00029,,nhỏ đưa tay ra cào hết bùn khô trên cổ tớ,nhỏ đưa tay ra cào hết bùn khô trên cổ tớ
vivos_test_00030,,khi cô thể hiện không mấy thành công ở lễ khai mạc,khi cô thể hiện không mấy thành công ở lễ khai mạc
vivos_test_00031,,đang làm việc không ngừng nghỉ,đang làm việc không ngừng nghỉ
vivos_test_00032,,thu hút rất là nhiều loài chim,thu hút rất là nhiều loài chim
vivos_test_00033,,1 cú ngoặt không chính xác,1 cú ngoặc không chính xác
vivos_test_00034,,thu chạm ngõ rất hiền,thu chạm ngõ rất hiền
vivos_test_00035,,bọn buôn lậu ma túy và vũ khí,bọn buôn lậu ma tuý và vũ khí
vivos_test_00036,,nghe tiếng xình xịch xa xa thì đoán trúng phóc là hút hầm cầu,nghe tiếng xình xịch xa xa thì đoán trúng phóc là hút hầm cầu
vivos_test_00037,,thời hạn sử dụng và loại sản phẩm bột,thời hạn sử dụng và loại sản phẩm bột
vivos_test_00038,,trán giô,tráng giơ
vivos_test_00039,,làm đường dây để nối các mảnh đời,làm đường dây để nối các mảnh đời
vivos_test_00040,,họ thích nghi với văn hóa công ty như thế nào,họ thích nghi với văn hoá công ty như thế nào
vivos_test_00041,,cuối cùng họ dẫn nhau về nhà với thúng làn không,cuối cùng họ dẫn nhau về nhà với thúng làn không
vivos_test_00042,,nghĩa là nếu bạn đang làm việc dưới quyền 1 giám sát viên,nghĩa là nếu bạn đang làm việc dưới quyền 1 giám sát viên
vivos_test_00043,,cũng đều trong 4 thế ngõ nhỏ phố nhỏ phở tôi ở đó,cũng đều trong 4 thế ngõ phố phố nhỏ vợ tôi ở đó
vivos_test_00044,,mâm cơm vẫn thanh đạm tủ áo của vợ cũng chỉ vài bộ đơn sơ,mâm cơm vẫn thanh đạm tủ áo của vợ cũng chỉ vài bộ đơn sơ
vivos_test_00045,,thật ra thì cũng không thể làm cầu kì như ở nhà được,thật ra thì cũng không thể làm cầu kỳ như ở nhà được
vivos_test_00046,,bắt đầu cuộc chạy đua mùa kinh doanh tết giữa bánh nội và bánh ngoại,bắt đầu cuộc chạy đua mùa kinh doanh tết giữa bánh nội và bánh ngoại
vivos_test_00047,,hình thức kỷ luật nào cũng chỉ có tính định hướng răn đe,hình thức kỷ luật nào cũng chỉ có tính định hướng răn đe
vivos_test_00048,,phim mới của trương nghệ mưu sự trở lại dòng phim nghệ thuật,phim mới của trương nghệ mưu sự trở lại dòng phim nghệ thuật
vivos_test_00049,,câu chuyện của quá khứ ông kể không biết bao nhiêu lần,câu chuyện của quá khứ ông kể không biết bao nhiêu lần
vivos_test_00050,,sáng chúng tôi tạm biệt thung nai và những chủ nhân mến khách mộc mạc,sáng chúng tôi tạm biệt thung nai và những chủ nhân mến khách bộc mạc
vivos_test_00051,,trên thực tế 1 cuộc điều tra đã được tiến hành,trên thực tế 1 cuộc điều tra đã được tiến hành
vivos_test_00052,,ông ăn chay mà nghĩ mặn thì ăn chay làm chi,ông ăn chay mà nghĩ mạn thì ăn chay làm chi
vivos_test_00053,,trên cơ sở đó những hành vi vi phạm sẽ được xử lý nghiêm,trên cơ sở đó những hành vi vi phạm sẽ được xử lý nghiêm
vivos_test_00054,,nằm trên giường gần cả tháng bất giác tôi cảm thấy mình thật cô độc,nằm trên giường gần cả tháng bất chợt tôi cảm thấy mình thật cô độc
vivos_test_00055,,còn hàng 0 chiếc khác đã bán thì ông không nhớ hết,còn hàng 0 chiếc khác đã bán thì ông không nhớ hết
vivos_test_00056,,cuộc thi tự hào sử việt đã hết giai đoạn i,cuộc thi tự hào sở việt đã hết giai đoạn
vivos_test_00057,,họ không biết chơi phòng ngự là gì trừ khi bị đối thủ vây ép,họ không biết chơi phòng ngự là gì trừ khi bị đối thủ vây ép
vivos_test_00058,,hiện nay bà đang bị nhiều bệnh và sống dưới mức nghèo khổ,hiện nay bà đang bị nhiều bệnh và sống dưới mức nghèo khổ
vivos_test_00059,,đây là tháng có số đăng ký thấp nhất từ đầu 5 đến nay,đây là tháng có số đăng ký thấp nhất từ đầu 5 đến nay
vivos_test_00060,,vả lại theo quy chế đây là trách nhiệm của mỗi thí sinh,vả lại theo quy chế đây là trách nhiệm của mỗi thí sinh
vivos_test_00061,,thành 1 chiếc lồng đèn khổng lồ tại công viên ở thủ đô bắc kinh,thành 1 chiếc lồng đèn khổng lồ tại công viên ở thủ đô bắc kinh
vivos_test_00062,,điều này khó hơn khi bạn vào bàn tiệc toàn người xa lạ,điều này khó hơn khi bạn vào bàn tiệc toàn người xa lạ
vivos_test_00063,,kẽm có nhiều trong gan sò thịt đỏ cá óc trứng,kẽm quá nhiều trong gan sò thịt đỏ cá óc trứng
vivos_test_00064,,chẳng lẽ ăn cơm nhà người mà lại không chăm chú lắng nghe người nói,chẳng lẽ ăn cơm nhà người mà lại không chăm chú lắng nghe người nói
vivos_test_00065,,ung thư từ 1 cơ quan khác di căn vào hệ thống hạch bạch huyết,ung thư từ 1 cơ quan khác di căn vào hệ thống hạch bạch huyết
vivos_test_00066,,công nhân đang thi công 2 nhánh cầu rạch chiếc ảnh thuận thắng,công nhân đang thi công 2 nhánh cầu rạch trước ảnh thuận thắng
vivos_test_00067,,1 cơ quan chính thức để khách hàng khiếu nại tham khảo và tin tưởng,1 cơ quan chính thức để khách hàng khiếu nại tham khảo và tin tưởng
vivos_test_00068,,1 tình huống ứng xử sư phạm tôi làm bộ tỉnh rụi được cô duyệt,1 tình huống ứng xử sư phạm tôi làm bộ tỉnh rụi được cô duyệt
vivos_test_00069,,cái nhà hát bị đập tan tành ông khoái lắm à,cái nhà hát bị đập tan tành ông khoái lắm à
vivos_test_00070,,mấy ngày đầu thúy hà phải nhờ kim dẫn đi giới thiệu trường,mấy ngày đầu thúy hà phải nhờ kim dẫn đi giới thiệu trường
vivos_test_00071,,mô hình cấu trúc chức năng và khoa học xã hội mang tính giáo dục,mô hình cấu trúc chức năng và khoa học xã hội mang tính giáo dục
vivos_test_00072,,nhảm nhí khi giờ học chán phèo buồn ngủ quá ờ buồn ngủ,nhảm nhí khi giờ học chán phèo buồn ngủ quá ờ buồn ngủ
vivos_test_00073,,trải dài hàng chục cây số đều thu gọn vào tầm mắt,trại dài hàng chục cây số đều thu gọn vào tầm mắt
vivos_test_00074,,thản nhiên giá đó thì chỉ có thể làm vậy thôi,thản nhiên giá đó thì chỉ có thể làm vậy thôi
vivos_test_00075,,nói chuyện 1 hồi ông làm bộ để tay lên tay em trên cần số,nói chuyện 1 hồi ông làm bộ để tay lên tay em trên cần số
vivos_test_00076,,màu son trông thật tuyệt trên bất kì màu da nào,màu son trông thật tuyệt trên bất kỳ màu da nào
vivos_test_00077,,và bạn cần có việc làm ổn định với thu nhập cao,và bạn cần có việc làm ổn định với thu nhập cao
vivos_test_00078,,cuộc biểu tình của áo đỏ có thể sẽ biến thành bạo lực,cuộc biểu tình của áo đỏ có thể sẽ biến thành bạo lực
vivos_test_00079,,còn anh trai tôi trong nhật ký của mình cũng linh cảm điều đó,còn anh trai tôi trong nhật ký của mình cũng linh cảm điều đó
vivos_test_00080,,chắc sắp tới thu xếp đi du lịch thôi,chắc sắp tới thu xếp đi du lịch thôi
vivos_test_00081,,để có thể vận hành chúng được hiệu quả hơn,để có thể vận hành cho chúng được hiệu quả hơn
vivos_test_00082,,phòng trà khiêu vũ cánh quạt cối xay đỏ,vòng trà khiêu vũ cánh quạt cối xay đỏ
vivos_test_00083,,khiến cả 2 phải giận hờn vô lý,khiến cả 2 phải giận hờn vô lý
vivos_test_00084,,nó trốn mất tiêu rồi còn đâu,nó trốn mất tiêu rồi còn đâu
vivos_test_00085,,rồi rơm rạ khô theo thân hình gầy ngẳng,rồi rơm rạ khô theo thân hình gầy gặt nhẵn
vivos_test_00086,,câu trả lời của ông ta rất khiếm nhã,câu trả lời của ông ta rất khiếm nhã
vivos_test_00087,,được mỹ ráo riết tung ra,được mỹ ráo riết tung ra
vivos_test_00088,,làm rờm rợp biển mây lau lách phất phơ,làm ròm rợp biển mây lâu lách phất phơ
vivos_test_00089,,thú thật tui chưa từng chơi gái,thú thật tôi chưa từng chơi gái
vivos_test_00090,,điều vô cùng quan trọng trong thời đại có quá nhiều hoạt động,điều vô cùng quan trọng trong thời đại có nhiều hoạt động
vivos_test_00091,,21,21
vivos_test_00092,,thế nào là hoàn hảo,thế nào là hoàn hảo
vivos_test_00093,,được cắt từ vỏ chăn bộ đội cũ của các ông bố ra,được cắt từ vỏ chăn bộ đội cũ của các ông bố ra
vivos_test_00094,,xuân này em không về,xuân này em không về
vivos_test_00095,,loáng thoáng trăn trở loáng thoáng buồn vui,loáng thoáng trăn trở loáng thoáng buồn vui
vivos_test_00096,,trứng mực quyến rũ các ngư dân,trứng mực quyến rũ các ngư dân
vivos_test_00097,,ngày căn bậc 2 chỉ diễn ra 9 lần trong 1 thế kỷ,ngày căn bậc 2 chỉ diễn ra 9 lần trong 1 thế kỷ
vivos_test_00098,,100 mốt,100 mốt
vivos_test_00099,,33,33
vivos_test_00100,,bạn có thể khiển trách người lái xe,bạn có thể khiển trách người lái xe
vivos_test_00101,,vì lượng ca khúc mới quá nhiều,vì lượng ca khúc mới quá nhiều
vivos_test_00102,,và thậm chí bạn cũng không nên cố gắng,và thậm chí bạn cũng không nên cố gắng
vivos_test_00103,,căn nhà đằng kia nghe nói có ma,căn nhà đằng kia nghe nói có ma
vivos_test_00104,,hiện trong nhiều loại tỏi có mặt trên thị trường,hiện trong nhiều loại tỏi có mặt trên thị trường
vivos_test_00105,,về chuyện đang theo dõi bọn gián điệp nước ngoài,về chuyện đang theo dõi bọn gián điệp nước ngoài
vivos_test_00106,,tức lấy sụn lành từ nơi không phải chịu lực ghép vào nơi hư,tức lấy sụn lành từ nơi không phải chịu lực ghép vào nơi hư
vivos_test_00107,,sợ nhất là mùa mưa sấm sét đùng đoàng trên núi,sợ nhất là mùa mưa sóng sét đùng đoàn trên núi
vivos_test_00108,,là tổ tiên của ông đặng lên đảm trách việc dẫn đường,là tổ tiên của ông đặng lên đảm trách việc dẫn đường
vivos_test_00109,,thí sinh tự do cần quan tâm đến độ vênh kiến thức các môn,thí sinh tự do cần quan tâm đến độ vênh kiến thức các môn
vivos_test_00110,,trên bầu trời ánh trăng sáng vằng vặc,trên bầu trời ánh trăng sáng vằng vặc
vivos_test_00111,,mỗi người chúng ta sẽ có những thứ khác nhau,mỗi người chúng ta sẽ có những thứ khác nhau
vivos_test_00112,,989,989
vivos_test_00113,,nước chảy quá mạnh,nước chảy quá mạnh
vivos_test_00114,,khi miệng vẫn ngậm bầu vú quắt queo,khi miệng vẫn ngậm bầu vú quắc queo
vivos_test_00115,,thịt ngọt lừ ấy lại mang theo trùng sán gây bệnh,thịt ngọt lười ấy lại mang trùng sáng ngay bệnh
vivos_test_00116,,rồi chìm lỉm 1 thời gian,rồi chìm liễm 1 thời gian
vivos_test_00117,,phương châm sống của tôi là người không vì mình trời tru đất diệt,phương châm sống của tôi là người không vì mình trời tru đất diệt
vivos_test_00118,,có còn hơn không,có còn hơn không
vivos_test_00119,,nếu chủ đầu 40 tự phá dỡ thì bị cưỡng chế,nếu chủ đầu 40 tự phá dỡ thì bị cưỡng chế
vivos_test_00120,,bây giờ thì đáng được khen là thông minh chứ hả,bây giờ thì đáng được khen là thông minh chứ hả
vivos_test_00121,,đó cũng là sự tiếp xúc gần gũi nhất của bọn em,đó cũng là sự tiếp xúc gần gũi nhất của bọn em
vivos_test_00122,,tôi nắm bàn tay xưa 3 tôi từng thương yêu đau xót cầm giữ,tôi nắm bàn tay xưa 3 tôi từng thương tôi đau xót cầm giữ
vivos_test_00123,,vẫn còn nhưng bạn không dám chắc họ có hạnh phúc hay không,vẫn còn nhưng bạn không dám chắc họ có hạnh phúc hay không
vivos_test_00124,,để xin thị thực công tác về cơ bản bạn phải có,để xin thị thực công tác về cơ bản bạn phải có
vivos_test_00125,,do vậy sẽ ảnh hưởng tới việc thu sóng vô tuyến,do vậy sẽ ảnh hưởng tới việc thu sóng vô tuyến
vivos_test_00126,,giải nhất huy chương vàng thuộc về nhà nhiếp ảnh của cộng hòa séc,giải nhất huy chương vàng thuộc về nhà nhiếp ảnh của cộng hòa séc
vivos_test_00127,,chỉ có thực phẩm mới giúp bạn làm được việc này,chỉ có thực phẩm mới giúp bạn làm được việc này
vivos_test_00128,,trình độ chuyên môn của cô khiến cô quá thừa 4 cách,trình độ chuyên môn của cô khiến cô quá thừa 4 cách
vivos_test_00129,,nhân lực ngành thiết kế đồ họa đắt giá và khan hiếm,nhưng lực ngành thiết kế đồ họa đắt giá và khan hiếm
vivos_test_00130,,vì chúng có thể làm răng của bạn dễ bị ố vàng,vì chúng có thể làm răng của bạn dễ bị ố vàng
vivos_test_00131,,những câu hỏi trên sẽ giúp bạn làm được điều này,những câu hỏi trên sẽ giúp bạn làm được điều này
vivos_test_00132,,được bày trên những bệ thờ bên cạnh những bó sen huệ thơm nức,được bày trên những bể thờ bên cạnh những bó sen huệ thơm phức
vivos_test_00133,,1 anh trai tuấn đang ngồi tù vì tội giết người,1 anh trai tuấn đang ngồi tù vì tội giết người
vivos_test_00134,,hôm sau mở máy thấy cái truyện đã tự hoàn chỉnh rồi,hôm sau mở máy thấy cái chuyện đã tự hoàn chỉnh rồi
vivos_test_00135,,sau 1 ngày lao động căng mệt bạn ưu tiên chọn,sau 1 ngày lao động căng mệt bạn ưu tiên chọn
vivos_test_00136,,trong dòng thác người chỉ nhìn được mắt kính và khẩu trang,trong dòng thác người chỉ nhìn được mắt kính và khẩu trang
vivos_test_00137,,bản thân tôi cũng tham gia 1 vai rất nhỏ nữa,bản thân tôi cũng tham gia 1 vai rất nhỏ nữa
vivos_test_00138,,3 tôi hãnh diện nói chuyện với số học sinh cùng lên xe đò,3 tôi hãnh diện nói chuyện với số học sinh cùng lên xe đò
vivos_test_00139,,thì hợp đồng thế chấp này cũng không có giá trị pháp lý,thì hợp đồng thế chấp này cũng không có giá trị pháp lý
vivos_test_00140,,họ được bọn đầu nậu những tay trùm thuê với giá rẻ mạt,họ được bọn đầu nậu những tay trùm thuê với giá rẻ mạt
vivos_test_00141,,1 bà sang trọng đến gặp bác sĩ trẻ khám bệnh bác sĩ hỏi,1 bà sang trọng đến gặp bác sĩ trẻ khám bệnh bác sĩ hỏi
vivos_test_00142,,có mấy người đụng phải nó suýt ngã chúi xuống đường,có mấy người đụng phải nó suýt ngã chúi xuống đường
vivos_test_00143,,rồi mặc dù biết là ngớ ngẩn tôi cứ nói ra,rồi mặc dù biết là ngớ ngẩn tôi cứ nói ra
vivos_test_00144,,đến đà lạt bạn phải chuẩn bị đôi chân để đi bộ,đến đà lạt bạn phải chuẩn bị đôi chân để đi bộ
vivos_test_00145,,bóng màu xanh là vùng tâm bão có thể đi qua,bóng màu xanh là vùng tâm bão có thể đi qua
vivos_test_00146,,với các dát màu cà phê sữa không cần điều trị,với các giác màu cà phê sữa không cần điều trị
vivos_test_00147,,phim chiếu nguyên bản tiếng pháp có phụ đề tiếng việt,phim chiếu nguyên bản tiếng pháp có phụ đề tiếng việt
vivos_test_00148,,đoàn đi thuyền đến 1 khu làng dân tộc thiểu số,đoàn đi thuyền đến 1 khu làng dân tộc thiểu số
vivos_test_00149,,và đội tuyển pháp đang là đội chiếm ưu thế hơn so với thụy sĩ,và đội tuyển pháp đang là đội chiếm ưu thế hơn so với thuỷ sĩ
vivos_test_00150,,chị tìm nhà cho em ở trọ ngay cổng trường chị học,chị tìm nhà cho em ở chỗ ngay cổng trường chị học
vivos_test_00151,,riêng ông nguyễn văn 3 bị gỗ đè dập sọ não chết ngay tại chỗ,riêng ông nguyễn văn 3 bị gỗ đè dập sọ não chết ngay tại chỗ
vivos_test_00152,,mỗi người nở 1 nụ cười với những ý nghĩa khác nhau,mỗi người nở 1 nụ cười với những ý nghĩa khác nhau
vivos_test_00153,,hà cũng chẳng nhớ mình có nói hay không để cãi lại ông ấy,hà cũng chẳng nhớ mình có nói hay không để cãi lại ông ấy
vivos_test_00154,,họ bảo tôi giống người hàn thì tôi lại thấy họ giống người việt,họ bảo tôi giống như người hàn thì tôi lại thấy họ giống người việt
vivos_test_00155,,em hãy tỉnh táo mà tìm những định hướng tốt hơn cho tương lai,em hãy tỉnh táo mà tìm những định hướng tốt hơn cho tương lai
vivos_test_00156,,khai mạc triển lãm quy mô lớn về tranh sơn mài việt nam,khai mạc triển lãm quy mô lớn về tranh sơn mài việt nam
vivos_test_00157,,nhưng chẳng có điểm sản xuất nào dùng bạt phủ che chắn,nhưng chẳng có điểm sản xuất nào dùng bạc phủ che chắn
vivos_test_00158,,sau đó bản thân học sinh phải làm đơn xin học bổng,sau đó bản thân học sinh phải làm đơn xin học bổng
vivos_test_00159,,các bước sau đây sẽ giúp bạn tìm ra ứng cử viên thích hợp,các bước sau đây sẽ giúp bạn tìm ra ứng cử viên thích hợp
vivos_test_00160,,2 loại văn này nên được coi trọng như nhau trong các kỳ thi,2 loại văn này nên được coi trọng như nhau trong các kỳ thi
vivos_test_00161,,bạn có thể tắt chương trình đó đi và thực hiện thao tác cuối cùng,bạn có thể tắt chương trình đó đi và thực hiện thao tác cuối cùng
vivos_test_00162,,đơn vị mình không nghe ai nói gì chưa hẳn đã tốt,đơn vị mình không nghe ai nói gì chưa hẳn đã tốt
vivos_test_00163,,bạn cần trung thực với nhân viên của mình trong mọi hoàn cảnh,bạn cần trung thực với nhân viên của mình trong mọi hoàn cảnh
vivos_test_00164,,hầu như các phản ứng phụ nặng nề là rất hiếm gặp,hầu như các phản ứng phụ nặng nề là rất hiếm gặp
vivos_test_00165,,có ngày các bác sĩ điều dưỡng mổ mắt cho hàng 0 người mù nghèo,có ngày các bác sĩ đều dưỡng mổ mắt cho hàng 0 người mù nghèo
vivos_test_00166,,vậy mới có mục tiêu để mà phấn đấu nên người có ý thức,vậy mới có mục tiêu để mà phấn đấu nên người có ý thức
vivos_test_00167,,mùa đông cả cánh đồng chuyển sang 1 màu vàng rực,vào đông cả cánh đồng chuyển sang 1 màu vàng rực
vivos_test_00168,,có lẽ đây là lời quảng cáo không công hay nhất cho du lịch lào,có lẽ đây là lời quảng cáo không công hay nhất cho du lịch nào
vivos_test_00169,,mẹ cũng đã từng thống khổ tuyệt vọng và cô đơn như vậy,mẹ cũng đã từng thấm khổ tuyệt vọng và cô đơn như vậy
vivos_test_00170,,cuộc thi còn có 2 giải nhì 3 giải 3 và 4 giải khuyến khích,cuộc thi còn có 2 giải nhì 3 giải 3 và 4 giải khuyến khích
vivos_test_00171,,già làng nguyễn mạnh tường trả lời phỏng vấn báo giới ảnh trung dân,già làng nguyễn mạnh tường trả lời phỏng vấn báo giới ảnh trung dân
vivos_test_00172,,chẳng cần nhìn về phương tây quê hương của hàng hiệu,chẳng cần nhìn về phương tây quê hương của hàng hiệu
vivos_test_00173,,những chiếc lồng đèn đồ chơi việt vẫn lặng lẽ mang hồn việt xuống phố,những chiếc lồng đèn đồ chơi việt vẫn lặng lẽ mang hồn việt xuống phố
vivos_test_00174,,tiêu như phong chạy trốn khỏi kinh thành để tìm hung thủ thật sự,tiêu như phong chạy trốn khỏi kinh thành để tìm hung thủ thật sự
vivos_test_00175,,nhà văn nguyên ngọc sinh viên có quyền hoài nghi và tranh cãi,nhà văn nguyễn ngọc sinh viên có quyền hoài nghi và tranh cãi
vivos_test_00176,,mẹ lần tay trong ví và lấy ra chiếc phong bì,mẹ lần tay trông ví và lấy ra chiếc phong bì
vivos_test_00177,,những điếu thuốc vô ý đốt cháy vài chỗ trên chiếc sô pha bọc vải,những điếu thuốc vô ý đốt cháy vài chỗ trên chiếc sô pha bọc vải
vivos_test_00178,,chỉ 1 điều đơn giản vậy mà anh ấy không bao giờ thực hiện được,chỉ 1 điều đơn giản vậy mà anh ấy không bao giờ thực hiện được
vivos_test_00179,,đó là câu hỏi mà đến nay vẫn chưa có câu trả lời,đó là câu hỏi mà đến nay vẫn chưa có câu trả lời
vivos_test_00180,,số tiền quá lớn khiến gia đình hương phạm và lê choáng váng,số tiền quá lớn khiến gia đình hương phạm và lê choáng váng
vivos_test_00181,,1 số điểm nước phun đến đâu bay hơi hết đến đó,1 số điểm nước phun đến đâu bay hơi hết đến đó
vivos_test_00182,,rà soát chất lượng công trình xây dựng trên cả nước,rà soát chất lượng công trình xây dựng trên cả nước
vivos_test_00183,,khi bị phát hiện họ đã trả lời như thế nào,khi bị phát hiện họ đã trả lời như thế
vivos_test_00184,,hà nội mở rộng khu vực hồ tây sông hồng nên là khu vực tĩnh,hà nội mở rộng khu vực hồ tây sông hồng nên là khu vực tỉnh
vivos_test_00185,,đó là giai đoạn thời tiết ít biến động và nhiệt độ không quá thấp,đó là giai đoạn thời tiết ít biến động và nhiệt độ không quá thấp
vivos_test_00186,,cảm giác được chia sẻ với bạn đời cùng sở thích thú vị lắm,cảm giác được chia sẻ với bạn đời cùng sở thích thú vị lắm
vivos_test_00187,,nhưng sau nghe con nói ra nói vào lại ác cảm với em,nhưng sau nghe con nói ra nói vào lại ác cảm với em
vivos_test_00188,,vợ hắn thị ngần mang lưới ra vá để chiều thả,vợ hắn thị ngần mang lưới ra vá để chiều thả
vivos_test_00189,,tại đây có 1 ông trưởng phòng nhân sự công ty,tại đây có 1 ông trưởng phòng nhân sự công ty
vivos_test_00190,,tôi học cùng với các anh chị làm việc chuyên về sản xuất phần mềm,tôi học cùng với các anh chị làm việc chuyên về sản xuất phần mềm
vivos_test_00191,,từ đó đến nay gia đình chị vẫn sống trong căn nhà lụp xụp,từ đó đến nay gia đình chị vẫn sống trong căn nhà lụp xụp
vivos_test_00192,,không ai được ngược đãi các em vì các em học chậm,không ai được ngược đãi các em vì các em học chậm
vivos_test_00193,,nhóc đỏ mặt tía tai nhóc thua chị 1 tuổi thôi đấy,nhóc đỏ mặt tía tay nhóc đỏ mặt tía tay nhóc thưa chị 1 tuổi thôi đấy
vivos_test_00194,,do vậy vấn đề khu trú khống chế bệnh tả hiện nay rất khó,do vậy vấn đề khu trú khống chế bệnh tả hiện nay rất khó
vivos_test_00195,,không ai muốn có tiêu cực cả và cũng đừng tuyệt đối hóa vấn đề,không ai muốn có tiêu cực cả và cũng đừng tuyệt đối hóa vấn đề
vivos_test_00196,,khắp nơi quanh chúng tôi vương vãi xác chết của người dân vô tội,khắp nơi quanh chúng tôi vương vãi xác chết của người dân vô tội
vivos_test_00197,,không nản nghĩa tin rằng sẽ có 1 giải pháp nào đó,không nản nghĩa tin rằng sẽ có 1 giải pháp nào đó
vivos_test_00198,,hiện cơ quan chức năng đang tiếp tục điều tra vụ việc,hiện cơ quan chức năng đang tiếp tục điều tra vụ việc
vivos_test_00199,,tôi vào quầy giải khát đầu tiên và gọi 1 cốc nước cam,tôi vào quầy giải khát đầu tiên và gọi 1 cốc nước cam
vivos_test_00200,,tớ đi kiếm nhà trọ rồi nhưng khó quá,tớ đi kiếm nhà trọ rồi nhưng khó quá
vivos_test_00201,,bà con rang trí cành đào để chuẩn bị đón tết,bà con trang trí cành đào để chuẩn bị đón tết
vivos_test_00202,,du lịch sẽ trở thành ngành kinh tế mũi nhọn,du lịch sẽ trở thành ngành kinh tế mũi nhọn
vivos_test_00203,,sau đó bà hàng xóm tính tình xởi lởi chạy qua kể với tôi,sau đó bà hàng xóm tính tình xả lỗi chạy qua kể với tôi
vivos_test_00204,,thiếu sự quan tâm đúng mức từ các cơ quan chức năng,thiếu sự quan tâm đúng mức từ các cơ quan chức năng
vivos_test_00205,,không phải vì tôi không coi trọng chất lượng,không phải vì tôi không coi trọng chất lượng
vivos_test_00206,,585,585
vivos_test_00207,,303,303
vivos_test_00208,,và đã hiến máu 3 lần,và đã hiến máu 3 lần
vivos_test_00209,,dưới ánh đèn mờ mờ ảo ảo,dưới ánh đèn mờ mờ ảo ảo
vivos_test_00210,,từ sự dư thừa quá mức của luồng tiền này,từ sự dư thừa quá mức của luồng tiền này
vivos_test_00211,,hầu hết những vấn đề xảy ra trên thế giới,hầu hết những vấn đề xảy ra trên thế giới
vivos_test_00212,,ịch gã to béo ục ịch,ật gà to béo ục ật
vivos_test_00213,,nó được đặt trong 1 hộp đựng trang sức bọc da đỏ,nó được đặt trong 1 hộp đựng trang sức bọc da đỏ
vivos_test_00214,,505,505
vivos_test_00215,,ông được nhiều người biết đến,ông được nhiều người biết đến
vivos_test_00216,,263,263
vivos_test_00217,,chính thức đã lây lan ra bên ngoài,chính thức đã lây lan ra bên ngoài
vivos_test_00218,,13579,13579
vivos_test_00219,,trả lời tôi biết,trả lời tôi biết
vivos_test_00220,,tại chợ cá,tại chợ cá
vivos_test_00221,,đối với những phản ứng khác biệt đó,đối với những phản ứng khác biệt đó
vivos_test_00222,,tiếng hét đồng thanh của mấy chục con người,tiếng hét đồng thanh của mấy chục con người
vivos_test_00223,,nhóm thanh long trẻ diễn tiểu phẩm hài hắc bạch tranh hùng,nhóm thanh long trẻ diễn tiểu phẩm hài hắc bạch tranh hùng
vivos_test_00224,,từ khi chồng qua đời vì bệnh tật,từ khi chồng qua đời vì bệnh tật
vivos_test_00225,,120 mốt,120 mốt
vivos_test_00226,,xanh cỏ mượt mà ven đường,xanh cỏ mượt mà ven đường
vivos_test_00227,,thiếu tướng phạm quý ngọ cho biết,thiếu tướng phạm quý ngọ cho biết
vivos_test_00228,,tôi không thấy gì là đúng khi tăng giá xe vào các dịp tết,tôi không thấy gì là đúng khi tăng giá xe vào các dịp tết
vivos_test_00229,,01 chút trầy trụa mà đền cái gì,01 chút trầy trụa mà đền cái gì
vivos_test_00230,,trong cuộc bỏ phiếu tại hội đồng bảo an 2 ngày trước đó,trong cuộc bỏ phiếu tại hội đồng bảo an 2 ngày trước đó
vivos_test_00231,,đó chứng tỏ rằng chúng ta đã già,đó chứng tỏ rằng chúng ta đã già
vivos_test_00232,,khi chính phủ lúc đầu đề nghị ân xá cho những người nổi dậy,khi chính phủ lúc đầu đề nghị ân xá cho những người nổi dậy
vivos_test_00233,,140 mốt,140 mốt
vivos_test_00234,,áo rách lươm bươm,áo rách lươm bươm
vivos_test_00235,,trả lại đất cho rừng,trả lại đất cho rừng
vivos_test_00236,,các loại cây trồng ở rừng này toàn cây kém giá trị,các loại cây trồng ở rừng này toàn cây kém giá trị
vivos_test_00237,,phụ huynh và học sinh đang phải è cổ vì sách giá cao,phụ huynh và học sinh đang phải è cổ vì sách giá cao
vivos_test_00238,,trang thứ 2 của tờ báo,trang thứ 2 của tờ báo
vivos_test_00239,,thì đọc được hồi ký không thể chuộc lỗi trên báo tuổi trẻ,thì đọc được hồi ký không thể chuộc lỗi trên báo tuổi trẻ
vivos_test_00240,,phù sa bồi đắp ruộng vườn cho xóm làng trù phú,phù sa bồi đắp ruộng vườn cho xóm làng trù phú
vivos_test_00241,,khuyết điểm lớn của chúng ta là chưa có dân chủ thật sự,khuyết điểm lớn của chúng ta là chưa có dân chủ thật sự
vivos_test_00242,,những biến dạng này thường thấy rõ khi dương vật cương,những biến dạng này thường thấy rõ khi dương vật cương
vivos_test_00243,,người anh sau đó được phép thầu xây kênh này nhưng không tiến hành,người anh sau đó được phép thầu xây kênh này nhưng không tiến hành
vivos_test_00244,,trong ngắn hạn thị trường vận hành như 1 cỗ máy bầu cử,trong ngắn hạn thị trường vận hành như 1 cỗ máy bầu cử
vivos_test_00245,,nói cách khác cái được của châu á là cái mất của châu phi,nói cách khác cái được của châu á là cái mất của châu phi
vivos_test_00246,,em hãy tìm cách tiếp cận để bày tỏ với mẹ,em hãy tìm cách tiếp cận để bày tỏ với mẹ
vivos_test_00247,,họ chỉ thích những môn gì mạnh bạo bạo lực và kiếm ra tiền thôi,họ chỉ thích những môn gì mạnh bạo bạo lực và kiếm ra tiền thôi
vivos_test_00248,,nhưng nếu chỉ nói cái giỏi không thôi thì thật chưa đủ về chú 4,nhưng nếu chỉ nói cái giỏi không thôi thì thật sự chưa đủ về chú 4
vivos_test_00249,,chị nên đi khám bác sĩ và chọn phương pháp ngừa thai hiệu quả,chị nên đi khám bác sĩ và chọn phương pháp ngừa thai hiệu quả
vivos_test_00250,,từ đó lại sa đà vào nhiều nghịch cảnh đáng tiếc,từ đó lại sa đà vào nhiều nghịch cảnh đáng tiếc
vivos_test_00251,,trang viết của họ hơn hẳn thời tuổi trẻ của tôi,trang viết của họ hơn hẳn thời tuổi trẻ của tôi
vivos_test_00252,,xét ở khía cạnh này thì đúng là mất bò mới lo làm chuồng,xét ở khía cạnh này thì đúng là mất bò mới lo làm chuồng
vivos_test_00253,,lúc đó nạn kẹt xe chắc sẽ kinh khủng gấp nhiều lần hôm nay,lúc đó nạn kẹt xe chắc sẽ kinh khủng gấp nhiều lần hôm nay
vivos_test_00254,,nhanh quá đã là lần thứ 3 xa nhà rồi đấy,nhanh quá đã là lần thứ 3 xa nhà rồi đấy
vivos_test_00255,,lên các cuộc hẹn phỏng vấn và thực hiện phỏng vấn,lên các cuộc hẹn phỏng vấn và thực hiện phỏng vấn
vivos_test_00256,,điều lạ là tôi vẫn không từ bỏ ý định trở thành tu sĩ,điều lạ là tôi vẫn không từ bỏ ý định trở thành tu sĩ
vivos_test_00257,,chương trình học bổng thanh niên châu á của nhật bản,chương trình học bổng thanh niên châu á của nhật bản
vivos_test_00258,,mắt tự nhiên hoa lên trí chụp 1 cái ly quật mạnh xuống sàn,mắt tự nhiên hoa lên trí chực 1 cái ly quật mạnh xuống sàn
vivos_test_00259,,nợ 1 cuộc chiến chống tham nhũng vẫn chưa vào đâu,nợ 1 cuộc chiến chống tham nhũng vẫn chưa vào đâu
vivos_test_00260,,vợ lỡ có tật thế anh nên thay đổi cách tiếp cận,vợ lỡ có tật thế anh nên thay đổi cách tiếp cận
vivos_test_00261,,đỗ đức thuần nguyên kế toán trưởng công ty tiếp thị đầu 4,đạo đức thuần nguyên kế toán trưởng công ty tiếp thị đầu 4
vivos_test_00262,,ông nói chúng tôi hi vọng sẽ có những tin tức tốt lành,ông nói chúng tôi hy vọng sẽ có những tin tức tốt lành
vivos_test_00263,,vấn đề nảy sinh từ cái câu hỏi dinh cu ấy,vấn đề nảy sinh từ cái câu hỏi dinh cu ấy
vivos_test_00264,,tuy nhiên tôi nghĩ cậu ta xứng đáng với chức vô địch,tuy nhiên tôi nghĩ cậu ta xứng đáng với chức vô địch
vivos_test_00265,,đây được xem là vai diễn thành công nhất của vương từ trước đến nay,đây được xem là vai diễn thành công nhất của vương từ trước đến nay
vivos_test_00266,,chóng mặt còn có thể do tình trạng rối loạn nhịp tim nặng gây ra,chóng mặt còn có thể do tình trạng rối loạn nhịp tim nặng gây ra
vivos_test_00267,,để những khó khăn và mâu thuẫn dần dần sẽ bị đẩy lui,để những khó khăn và mâu thuẫn dần dần sẽ bị đẩy lui
vivos_test_00268,,thông thường án kỷ luật nếu có thường ban hành vào cuối tuần,thông thường án kỷ luật nếu có thường ban hành vào cuối tuần
vivos_test_00269,,tích cực hơn với vấn đề liên quan đến kiều bào,tích cực hơn với vấn đề liên quan đến kiều bào
vivos_test_00270,,giỏi gì bác mình đẻ ra không nuôi thì ai nuôi,giỏi thì bác mình đẻ ra không nuôi thì ai nuôi
vivos_test_00271,,các qui định của pháp luật không thể được ban hành theo kiểu đánh lén,các quy định của pháp luật không thể được ban hành theo kiểu đánh lén
vivos_test_00272,,em có suy nghĩ thêm về việc tham dự hội chợ khoa học không,em có suy nghĩ thêm về việc tham dự hội chợ khoa học không
vivos_test_00273,,từ đấy ông càng thông cảm sâu sắc tâm trạng của nguyễn thiếp,từ đấy ông càng thông cảm sâu sắc tâm trạng của nguyễn thiếp
vivos_test_00274,,mong anh hãy hiểu cho em em thương nhớ và yêu anh nhiều,mong anh hãy hiểu cho em em thương nhớ và yêu anh nhiều
vivos_test_00275,,những người trẻ ấy thật đáng phê phán đáng lên án,những người trẻ ấy thật đáng phê phán đáng lên án
vivos_test_00276,,nhưng rồi cái tình với bà con cứ nắm níu không dứt ra được,nhưng rồi cái tình với bà con cứ nắm níu không dứt ra được
vivos_test_00277,,về nguyên tắc vào học là sinh viên phải đóng học phí,về nguyên tắc vào học là sinh viên phải đóng học phí
vivos_test_00278,,số đơn vị tham gia hội chợ việc làm tăng đáng kể qua các 5,số đơn vị tham gia hội chợ việc làm tăng đáng kể qua các 5
vivos_test_00279,,để rồi chúng ta khao khát mãi trong vòng luân hồi nhân gian,để rồi chúng ta khao khát mãi trong vòng luân hồi nhân gian
vivos_test_00280,,thay vì 4 giờ như trước đây,thay vì 4 giờ như trước đây
vivos_test_00281,,muốn đẹp phải ghè làm sao cho các bó cơ chân nổi bật lên,muốn đẹp phải dè làm sao cho các bó cơ chân nổi bật lên
vivos_test_00282,,anh bị đẩy từ hà nội vào sài gòn,anh bị đẩy từ hà nội và sài gòn
vivos_test_00283,,ông chủ tịch tuyên bố như thế nào,ông chủ tịch tuyên bố như thế nào
vivos_test_00284,,và khi chúng ta sao nhãng công việc của mình,và khi chúng ta xao nhãng công việc của mình
vivos_test_00285,,cũng khiến cho họ dè dặt,cũng khiến cho họ dè dặt
vivos_test_00286,,bà quảng vẫn đang bận rộn,bà quảng vẫn đang bận rộn
vivos_test_00287,,rồi chạy sang gõ cửa phòng 3 le 2 dấm dúi,rồi chạy sang gõ cửa phòng 3 lên 2 dấm dúi
vivos_test_00288,,điện thoại reng nhưng ta cũng phải nhấc máy đúng không,tiền thải ren nhưng ta cũng phải nhấc máy đúng không
vivos_test_00289,,hợp với hương vị đầu xuân,hợp với hương vị đầu xuân
vivos_test_00290,,y tế bình hưng hòa bị hư hỏng,y tế bình hưng hòa bị hư hỏng
vivos_test_00291,,tháng trước chồng về mấy ngày mình nằm ngủ thấy ấm kinh khủng,tháng trước tròn về mấy ngày mình nằm ngủ thấy ấm kiêng khủng
vivos_test_00292,,chúng cứ cố lùi lại mặc dù vướng víu gông xiềng,chúng cứ cố lùi lại mặc dù vướng phiếu gông chiền
vivos_test_00293,,các chương trình ca nhạc phần lớn đều không đột phá,các chương trình ca nhạc phần lớn đều không đột phá
vivos_test_00294,,ủy ban châu âu kêu gọi những quốc gia phát triển còn lại,uỷ ban châu âu kêu gọi những quốc gia phát triển còn lại
vivos_test_00295,,khiến 2 cha con cậu,khiến 2 cha con cậu
vivos_test_00296,,chị gặn hỏi anh thề sống thề chết là không có,chị gặng hỏi anh thề sống thề chết là không có
vivos_test_00297,,tiếng mã tấu sắc lạnh chạm nhau và cả tiếng rên rỉ,tiếng mã đấu sắc lặng chạm nhau và cả tiếng rên rỉ
vivos_test_00298,,để trả trở lại đại dương,để trả trở lại đại dương
vivos_test_00299,,hầu hết nang này có nguồn gốc từ gân cơ chân ngỗng,hầu hết chai này có nguồn gốc từ gân cơ chân ngỗng
vivos_test_00300,,tống cổ hắn đi không được để hắn vào đây nữa,đóng cổ hắn đi không được để hắn vào đây nữa
vivos_test_00301,,mày dám chơi vợ tao tao phải giết mày,mày dám chơi vợ ta ta sẽ giết mày
vivos_test_00302,,hôm nay em có tới 5 khách,hôm nay em có tới 5 khác
vivos_test_00303,,có thể lành lặn mà không để lại vết sẹo,có thể lành lặn mà không để lại vết sẹo
vivos_test_00304,,nàng có đôi mắt to sâu và vầng trán rộng mênh mông,nàng có đôi mắt to xâu và bình trán rộng mênh mông
vivos_test_00305,,cho em góp 1 viên gạch,cho em góp 1 viên gạc
vivos_test_00306,,đi kiểm tra lại bác sĩ khuyên nên mổ nội soi,đi kiểm tra lại bác sĩ khuyên nên mổ nội soi
vivos_test_00307,,làm đẹp không đúng cách,làm đẹp không túng cát
vivos_test_00308,,cũng thuộc loại dày đặc nhất trong hệ mặt trời,cũng thuộc loại dày đặc nhất trong hệ mặt trời
vivos_test_00309,,mỗi khi xe rác đi ngang qua đánh kẻng mới đem ra đổ,mỗi khi xe lát đi ngang qua tấn cảnh mới đem ra đổ
vivos_test_00310,,tôi tự hỏi phải chăng đó là do dan còn quá trẻ,tôi tự hỏi phải tranh đó là do giang còn quá trẻ
vivos_test_00311,,bọn buôn dự án chạy chọt bày ra các dự án để kiếm chác,bọn môn dự án chỉ chọn bày ra cái dự án để kiểm tra
vivos_test_00312,,hắn chơi vợ anh thì sao anh không chơi vợ hắn,hắn chơi vợ anh thì sao anh không chơi vợ anh
vivos_test_00313,,ổng nói ở sài gòn ổng đã làm ông hội đồng như thế nào,ổng nói ở sài gòn ổng đã làm ông hội đồng như thế nào
vivos_test_00314,,tất cả mọi thứ đều kỳ lạ 1 cách phi thường,tất cả mọi thứ đều kỳ lạ 1 cách phi thường
vivos_test_00315,,các vụ tham nhũng và bê bối kinh tế,các vụ tham nhũng và bê bối kinh tế
vivos_test_00316,,trở nên thụ động,chở nên thụ động
vivos_test_00317,,nếu tưởng tượng 785 nữa,nếu tưởng tượng 785 nữa
vivos_test_00318,,cô cứ nhè ngay cái nọng cá trê,cô cứ nhè cái nọc cái chê
vivos_test_00319,,có hẳn 1 loạt bài viết chuyên đề về quản trị thương hiệu,có hẳn 1 là bài viết chuyên đề về quản trị thương hiệu
vivos_test_00320,,chúng tôi yêu nhau được 25 thì gia đình tôi xảy ra chuyện,chúng tôi yêu nhau được 25 thì gia đình tôi xảy ra chuyện
vivos_test_00321,,chuẩn bị cho ngày khai trương cửa hàng đầu tiên,chuẩn bị cho ngày khai trương cửa hàng đầu tiên
vivos_test_00322,,mà phải che chái ở tạm bên hông nhà cha ruột,mà phải che cháy ở tạm bên hông nhà cha ruột
vivos_test_00323,,dãi dầu nắng gió trường sơn,giã dầu nắng gió trường sơn
vivos_test_00324,,thôi thì cứ sắp xếp như vậy,thôi thì cứ sắp xếp như vậy
vivos_test_00325,,nét mặt họ không ngời lên hạnh phúc của người mẹ,nét mặt họ không ngời lên hạnh phúc của người mẹ
vivos_test_00326,,vàng óng đôi ghệt cao cổ của ngự lâm quân,vàng óng đôi gạch cao cổ của ngự lâm quân
vivos_test_00327,,những người này đều được đào tạo về hội họa,những người này đều được đào tạo và hỏi hoả
vivos_test_00328,,tìm hung thủ hiếp dâm bằng nước bọt nạn nhân,tìm hung thủ hiếp dâm bằng nước bọt nạn nhân
vivos_test_00329,,989,989
vivos_test_00330,,đừng bao giờ để cho bất kỳ ai nói với bạn rằng,đừng bao giờ để cho bất kỳ ai nói với bạn rằng
vivos_test_00331,,thì chủ đầu 4 phải tự phá dỡ phần nội dung sai phép đó,thì chủ đầu 4 phải tự phá dỡ phần nội dung sai phép đó
vivos_test_00332,,trọng tài phạt thẻ đỏ,trọng tài phạt thẻ đỏ
vivos_test_00333,,tôi có thể căm giận đủ thứ,tôi có thể cầm dẫn đủ thứ
vivos_test_00334,,180 mốt,180 mốt
vivos_test_00335,,lơ lửng trên đầu là những chiếc bẫy đá hàng 0 khối,lơ lửng trên đầu là những chiếc bẫy đá hàng 0 khối
vivos_test_00336,,ngụ ấp hòn ngang,ngủ ấp hòn nhan
vivos_test_00337,,khi nhân viên cứu hộ cố gắng đưa nó lên sà lan,khi nhân viên cứu hộ cố gắng đưa nó lên sà lan
vivos_test_00338,,mọi thứ đều được mổ xẻ lại,mọi thứ đều được mổ xẻ lại
vivos_test_00339,,gắn lông chim hột đá lóng lánh hay bèo dún tùa lua đầy cổ,rắn lông chim hột đá lóng lánh hay bào vướng tù lúa đầy cổ
vivos_test_00340,,1 sinh viên được vay vốn tín dụng học tập,1 sinh viên được vay vốn tín dụng học tập
vivos_test_00341,,đi bộ leo núi đến nhừ chân,đi bộ leo núi đến nhừ chân
vivos_test_00342,,sẽ làm giảm tình trạng ói ọc của trẻ,sẽ làm tình trạng ói ọc của trẻ
vivos_test_00343,,mà phải chuyển qua hình thức giao dịch,mà phải chuyển qua hình thức giao dịch
vivos_test_00344,,nếu vì chúng tôi,nếu vì chúng tôi
vivos_test_00345,,các công ty du lịch phải xác định,các công ty du lịch phải xác định
vivos_test_00346,,nếu bạn vẫn cảm thấy tội lỗi,nếu bạn vẫn cảm thấy tội lỗi
vivos_test_00347,,không phải nắp khum,không phải nắp khum
vivos_test_00348,,với sự xuất hiện của quái thú và rồng,với sự xuất hiện của quái thú và rồng
vivos_test_00349,,5 đầu tiên,5 đầu tiên
vivos_test_00350,,1 số người cho rằng,1 số người cho rằng
vivos_test_00351,,với trên là núi và dưới là sông,với trên là núi và dưới là sông
vivos_test_00352,,đặc điểm của phẩy trùng tả,đặc điểm của phẩy trùng tả
vivos_test_00353,,ít nhất ở hơn 30 trường thuộc các địa phương nói trên,ít nhất ở hơn 30 trường thuộc các địa phương nói trên
vivos_test_00354,,nữ diễn viên xinh đẹp phạm băng băng,nữ diễn viên xinh đẹp phạm băng băng
vivos_test_00355,,theo phó chủ tịch ủy ban an toàn giao thông quốc gia,theo phó chủ tịch ủy ban an toàn giao thông quốc gia
vivos_test_00356,,bây giờ cướp nhiều quá đi đường cũng thấy sợ,bây giờ cướp nhiều quá đi đường cũng thấy sợ
vivos_test_00357,,vì ban đêm chị ngủ không ngon,vì ban đêm chị ngủ không ngon
vivos_test_00358,,545,545
vivos_test_00359,,kiểu này chắc phải cắt giảm biên chế,kiểu này chắc phải cắt giảm biên chế
vivos_test_00360,,bác đang suy nghĩ gì thế,bác đang suy nghĩ gì thế
vivos_test_00361,,mẹ ơi có mua đồ cho con không,mẹ ơi có mua đồ cho con không
vivos_test_00362,,bà con chòm xóm,bà con chòm sớm
vivos_test_00363,,tôi đang bận họp,tôi đang bận họp
vivos_test_00364,,đây là mức lãi suất thấp nhất qua các phiên đấu thầu,đây là mức lãi suất thấp nhất qua các phiên đấu thầu
vivos_test_00365,,chứ không phải tài năng thiên bẩm nào,chứ không phải tài năng thiên bẩm nào
vivos_test_00366,,vai trò của chế độ dinh dưỡng,vai trò của chế độ dinh dưỡng
vivos_test_00367,,bên trong trái vả khi bổ ra sẽ rỗng chứ không đặc như trái sung,bên trong trái vả khi bổ ra sẽ rỗng chứ không đặc như trái sung
vivos_test_00368,,này bón cho con thương đỡ yếu đau còi cọc,này bón cho con thương đỡ yếu đau còi cọc
vivos_test_00369,,sương mù đã đọng thành những hạt giá băng,sương mù đã đọng thành những hạt giá băng
vivos_test_00370,,ghép cành mai giảo vào thân cổ thụ cho hoa cánh lớn,ghép cành mai dảo vào thân cổ thụ cho hoa cánh lớn
vivos_test_00371,,khiến phụ huynh hiểu nhầm,khiến phụ huynh hiểu nhầm
vivos_test_00372,,rồi đi khắp nơi tìm thầy chữa bệnh cho anh,rồi đi khắp nơi tìm thầy chữa bệnh cho anh
vivos_test_00373,,luôn ổn định và các xe trấu khá nặng,luôn ổn định và các xe trấu khá nặng
vivos_test_00374,,dọc 2 bên sông 0 sâu,dọc 2 bên sông 0 sâu
vivos_test_00375,,cỡi ngựa đi thi,cởi ngựa đi thi
vivos_test_00376,,diễn viên chính đứng như khúc gỗ,diễn viên chính đứng như khúc gỗ
vivos_test_00377,,của chính sách đối với quy mô của thị trường,của chính sách đối với quy mô của thị trường
vivos_test_00378,,cướp đầy đường công an chỉ lo hạch sách,cướp đầy đường công an chỉ lo hạch sách
vivos_test_00379,,nhưng oái ăm thay,nhưng oái oăm thay
vivos_test_00380,,và khi họ vạch tóc ra,và khi họ vạch tóc ra
vivos_test_00381,,01 chiếc xe lạ nào có thể mon men vào được,01 chiếc xe lạ nào có thể ngoan mang vào được
vivos_test_00382,,sau cải cách,sau cải cách
vivos_test_00383,,vì bạn có thể lảy cò từng phát 1,vì bạn có thể lẫy cò từng phát 1
vivos_test_00384,,trong 4 thế phi ngựa chồm lên,trong 4 thế phi ngựa chòm lên
vivos_test_00385,,nên 2 mố cầu bị sụp đất khiến lối đi bộ quá nguy hiểm,nên 2 mố cầu bị sụp đất khiến lối đi bộ quá nguy hiểm
vivos_test_00386,,mà cũng đầy thanh khiết,mà cũng đầy thanh khiết
vivos_test_00387,,mỗi khi cơn gió đến,mỗi khi cơn gió đến
vivos_test_00388,,là tiếng trống lân tùng xèng vui tai,là tiếng trống lân tùng sàn vui tai
vivos_test_00389,,1 chuyến du lịch dã ngoại tại bò cạp vàng,1 chuyến du lịch dã ngoại tại bò cạp vàng
vivos_test_00390,,bác vẫn chưa trả tiền cho tôi đây nhé,bác vẫn chưa trả tiền cho tôi đấy nhé
vivos_test_00391,,trong phim có nhiều cảnh chém giết,trong phim có nhiều cảnh chém giết
vivos_test_00392,,ôi dào,o dào
vivos_test_00393,,1 kế hoạch tương tự được áp dụng ở anh,1 kế hoạch tương tự được áp dụng ở anh
vivos_test_00394,,để chọn máy in cho phù hợp,để chọn máy in cho phù hợp
vivos_test_00395,,không hiểu sao,không hiểu sao
vivos_test_00396,,1 vụ chập điện đã khiến ngọn lửa bùng lên,1 vụ chập điện đã khiến ngọn lửa bùng lên
vivos_test_00397,,con chó lủi thủi đi theo chủ nó,con chó lủi thủi đi theo chủ nó
vivos_test_00398,,âm thầm chắt chiu nuôi tôi khôn lớn,âm thầm chắt chiu nuôi tôi khôn lớn
vivos_test_00399,,phù hợp cho mọi cân nặng,phù hợp cho mọi cân nặng
vivos_test_00400,,muốn công nhận ngay pha bóng ấy thì phải sửa luật,muốn công nhận ngay pha bóng ấy thì phải sửa luật
vivos_test_00401,,bảo thằng quyết nó bắt con gà sống nâu mà thịt,bảo thằng thắng quyết nó bắt con gà sống nâu mà thịt
vivos_test_00402,,và giáo dục con người trở thành việc luyện trí nhớ,và giáo dục con người trở thành việc luyện trí nhớ
vivos_test_00403,,lần đầu tiên 1 nhân viên người việt thách thức việc tác nghiệp của tôi,lần đầu tiên 1 nhân viên người việt thách thức việc tác nghiệp của tôi
vivos_test_00404,,trên mặt ai cũng có khăn tay khẩu trang che miệng,trên mặt ai cũng có khăn tay khẩu trang che miệng
vivos_test_00405,,những kiểu vết thương mà trẻ thường mang theo có thể là gì,những kiểu vết thương mà trẻ thường mang theo có thể là gì
vivos_test_00406,,phóng sự ảnh những màn biểu diễn ngoạn mục trên bầu trời,phóng sự ảnh những màn biểu diễn ngoạn mục trên bầu trời
vivos_test_00407,,nhưng cuối cùng chẳng ai chịu nổi cái tính ham vui của tôi,cuối cùng chẳng ai chịu nổi cái tính ham vui của tôi
vivos_test_00408,,tối qua người ta đến bắt tôi giữa đêm hôm khuya khoắt,tối qua người ta đến bắt tôi giữa đêm khôm khuya khoắt
vivos_test_00409,,trước hết bạn cần tìm hiểu thông tin quy hoạch khu đất,trước hết bạn cần tìm hiểu thông tin quy hoạch khu đất
vivos_test_00410,,làm được hết khối công việc ấy là 1 nỗ lực rất lớn,được hết khối công việc ấy là 1 nỗ lực rất lớn
vivos_test_00411,,kiểu hài dung tục vẫn cứ lềnh khênh ở 1 số tụ điểm,kiểu hài dung tục vẫn cứ lần khấn ở 1 số tụ điểm
vivos_test_00412,,đầu tiên là 1 tấm âm bản sau đó mới đến dương bản,đầu tiên là 1 tấm âm bản sau đó mới đến dương bản
vivos_test_00413,,tất nhiên hóa đơn tiền nước cũng kèm luôn khoản tiền,tất nhiên hoá đơn tiền nước cũng kèm theo luôn khoản tiền
vivos_test_00414,,càng ngày mình càng nghĩ nhiều về công việc giảng dạy,càng ngày mình càng nghĩ nhiều về công việc giảng dạy
vivos_test_00415,,bạn không bao giờ ra ngoài mà không dùng kem lót,bạn không bao giờ ra ngoài mà không dùng kem lót
vivos_test_00416,,sau đó họ lân la sang chơi rồi đánh cắp đứa bé,sau đó họ lần là sang chơi rồi đánh cắp đứa bé
vivos_test_00417,,vấn đề đặt ra ở đây là làm thế nào để,vấn đề đặt ra ở đây là làm thế nào để
vivos_test_00418,,ngồi nghe tiếng biển và thư thả đếm từng giọt đen rơi,ngồi nghe tiếng biển và thư thái đếm từng giọt đen rơi
vivos_test_00419,,kiểm tra trung tâm này công an đã bắt giữ tới,kiểm tra trung tâm này công an đã bắt giữ tới
vivos_test_00420,,vài lần triển lãm tranh tượng không lời như thế hắn sẽ nhận ra,vài lần triển lãm chân tượng không lời như thế hẳn sẽ nhận ra
vivos_test_00421,,lúc đó chị tưởng làm như vậy cũng làm má vui,lúc đó chị tưởng làm như vậy cũng là má vui
vivos_test_00422,,tuy nhiên hợp đồng này chỉ có giá trị trong những ngày bình thường,tuy nhiên hợp đồng này chỉ có giá trị trong những ngày bình thường
vivos_test_00423,,không nên chỉ dựa vào bài viết của bạn để thuyết minh thêm,không nên chỉ dựa vào bài viết của bạn để thuyết minh thêm
vivos_test_00424,,mời tham dự cuộc thi viết ngắn 1 giờ không điện,mời tham dự cuộc thi viết ngắn 1 giờ không điện
vivos_test_00425,,người ăn xin thưa bà ngày thường thì bà cho gì cũng được,người ăn xin thưa bà ngày thường thì bà cho gì cũng được
vivos_test_00426,,hiển nhiên không ai muốn xuất hiện bên cạnh 1 người như vậy,dĩ nhiên không ai muốn xuất hiện bên cạnh 1 người như vậy
vivos_test_00427,,hàng chân mày đen và xếch không lẫn vào đâu được,hàng chân mày đen và sắt không lẫn vào đâu được
vivos_test_00428,,xin với mẹ cho đi cai tập trung sau 15 bạn trở về nhà,xin với mẹ cho đi cai tập trung sau 15 bạn trở về nhà
vivos_test_00429,,anh nhơn bảo tôi về trước còn anh đi theo cô gái,anh nhơn bảo tôi về trước còn anh đi theo cô gái
vivos_test_00430,,cả ngày trời không nắng gió lạnh nên thưa vắng du khách,cả ngày trời không nắng gió lạnh nên thưa vắng du khách
vivos_test_00431,,hoa phượng vẫn nở đỏ trời trong tiếng ve xao xác khôn nguôi,hoa phượng vẫn nở trời trong tiếng ve sào sắc khôn nguôi
vivos_test_00432,,hình ảnh quảng cáo điếu thuốc điện tử được công ty t,hình ảnh quảng cáo điều thuốc điện tử được công ty
vivos_test_00433,,những sản phẩm giúp nở ngực và tan mỡ cấp tốc ảnh yến trinh,những sản phẩm giúp nở ngực và tan mở cấp tốc ảnh hưởng đến yến trinh
vivos_test_00434,,người đàn ông trên giường thình lình rên lên 1 tiếng rồi mở mắt,người đàn ông trên giường thìn lìn rên lên 1 tiếng rồi mở mắt
vivos_test_00435,,quản lý nhà nước về giao thông vận tải đô thị,quản lý nhà nước về giao thông vận tải đô thị
vivos_test_00436,,vị bác sĩ hiền lành ấy có những lý thuyết trồng cây thật thú vị,vị bác sĩ hiền lành ấy có những lý thuyết trồng cây thật thú vị
vivos_test_00437,,mấy ngày nay chúng tôi đã tịch thu được khá nhiều gà chết,ngày nay chúng tôi đã tịch thu được khá nhiều gà chết
vivos_test_00438,,chúc bạn đọc có thật nhiều thời gian thư giãn thoải mái,những bạn đọc có thật nhiều thời gian thư giãn thoải mái
vivos_test_00439,,nhưng nhiều du khách thấy thất vọng khi lên đến nơi,nhưng nhiều du khách vẫn thấy thất vọng khi lên đến nơi
vivos_test_00440,,1 đường hướng chuyên nghiệp,1 đường hướng chuyên nghiệp
vivos_test_00441,,dù là đậu sức mạnh hoặc cải bông khủng long,dù là độ sức mạnh hoặc cảnh bông khủng long
vivos_test_00442,,223,223
vivos_test_00443,,rồi khề khà đôi câu vọng cổ với chân chuột,rồi khề khà đôi câu vọng cổ với chân chuột
vivos_test_00444,,767,767
vivos_test_00445,,60 mốt,60 mốt
vivos_test_00446,,đơn giản là tán gẫu với nhau,đơn giản là tán gẫu với nhau
vivos_test_00447,,nói trước bước không qua,nói trước bước không qua
vivos_test_00448,,phí chuyển giao công nghệ là 3 chục 0 đồng,phí chuyển giao công nghệ là 3 chục 0 đồng
vivos_test_00449,,những người trên ghe của công an đã nhắm thẳng vào ghe anh chủ,những người trên ghe của công an đã nhắm thẳng vào ghe anh chủ
vivos_test_00450,,mà bạn có thể tham khảo để làm đẹp gian bếp,mà bạn có thể tham khảo để làm đẹp gian bếp
vivos_test_00451,,cô ấy đã quá chén,cô ấy đã quá chén
vivos_test_00452,,làm cô nàng rọ rạy thức trắng cả đêm,làm cô nàng rọ ray thức trắng cả đêm
vivos_test_00453,,hoặc bạn sẽ đến đấy với 1 tâm trạng chán ngán vô cùng,hoặc bạn sẽ đến đấy với 1 tâm trạng chán ngán vô cùng
vivos_test_00454,,số khác suy đoán rằng anh ta hành động ác tâm vậy,số khác suy đoán rằng anh ta hành động ác tâm vậy
vivos_test_00455,,các em nhỏ sẽ không còn phải đi trên những chuyến đò nguy hiểm,các em nhỏ sẽ không còn phải đi trên những chuyến đò nguy hiểm
vivos_test_00456,,mà do lối sống chui nhủi của chúng,mà do lối sống chui nhủi của chúng
vivos_test_00457,,đang hấp dẫn các tập đoàn phân phối đa quốc gia,đang hấp dẫn các tập đoàn phân phối đa quốc gia
vivos_test_00458,,công ty trách nhiệm hữu hạn ăn uống,công ty trách nhiệm hưởng hạn ăn uống
vivos_test_00459,,giải quyết khối ung nhọt này phải cần đến 1 cuộc đại phẫu nghiêm túc,giải quyết khối ung nhọc này phải cần đến 1 cuộc đại phẫu nghiêm túc
vivos_test_00460,,cái vị chát chát và đắng ngắt của cà phê nguyên chất,cái vị chát chát và đắng ngắt của cà phê nguyên chất
vivos_test_00461,,đôi môi mẹ phai son mấp máy 1 lời ca hoang hoải,đôi môi mẹ phai son mấp máy 1 lời ca hoang hoải
vivos_test_00462,,100 mốt,100 mốt
vivos_test_00463,,969,969
vivos_test_00464,,lương 3 cọc 3 đồng thì nuôi được ai,lương 3 cọc 3 đồng thì nuôi được ai
vivos_test_00465,,13579,13579
vivos_test_00466,,râu ria đã 3 ngày không cạo,râu ria đã 3 ngày không cạo
vivos_test_00467,,đừng buồn vì tự giằn vặt mình nữa,đừng buồn vì tự dằn vặt mình nữa
vivos_test_00468,,làm khung,làm khung
vivos_test_00469,,chẳng là mấy hôm nay tôi đau bụng quá,chẳng là mấy hôm nay tôi đau bụng quá
vivos_test_00470,,647,647
vivos_test_00471,,lính cứu hỏa khó tiếp cận hiện trường,lính cứu hoả khó tiếp cận hiện trường
vivos_test_00472,,còn bộ khang hi từ điển,còn bộ khăn ghi từ điển
vivos_test_00473,,vì nó không nhắc đến những cuộc tấn công nhắm vào người do thái,vì nó không nhắc đến những cuộc tấn công nhắm vào người do thái
vivos_test_00474,,và hít vào mũi làm chất này loãng ra,và hít vào mũi làm chất này loãng ra
vivos_test_00475,,sao kết quả ra tệ vậy,sao kết quả ra tệ vậy
vivos_test_00476,,ở lớp nấu ăn gia đình,ở lớp nấu ăn gia đình
vivos_test_00477,,phải được thực hiện trên cơ sở,phải được thực hiện trên cơ sở
vivos_test_00478,,thậm chí càng giống áo quí nàng càng mốt,thậm chí càng giống áo quý nàng càng mốt
vivos_test_00479,,tôi chỉ muốn xem những đoạn hay mà thôi,tôi chỉ muốn xem những đoạn hay mà thôi
vivos_test_00480,,phải chăng xây dựng niềm tin vào tình yêu khó thế,phải chăng xây dựng niềm tin vào tình yêu khó thế
vivos_test_00481,,hôm nào tan ca sớm hạnh được giao nhiệm vụ đi chợ cho bữa tối,hôm nào tan ca sớm hạnh được giao nhiệm vụ đi chợ cho buổi tối
vivos_test_00482,,nhưng cô quyết chứng minh người mù không phải vô dụng,nhưng cô quyết chứng minh người mù không phải vô dụng
vivos_test_00483,,thực tế vai trò của bạn và người phỏng vấn đối chiếu nhau,thực tế vai trò của bạn và người phỏng vấn đối chiếu nhau
vivos_test_00484,,xen kẽ giữa những màn biểu diễn là những phút vui chơi tập thể,xen kẽ giữa những màn biểu diễn là những phút vui chơi tập thể
vivos_test_00485,,họ đã trao nhau lời hẹn ước nên duyên chồng vợ,họ đã trao nhau lời hẹn ước nên duyên chồng vợ
vivos_test_00486,,tôi khẽ chớp mắt và thầm cầu nguyện xin chúa giúp con,tôi khẽ chớp mắt và thầm cầu nguyện xin chú giúp con
vivos_test_00487,,từng là chủ tế hàng 0 lễ an táng mộ gió,từng là chủ tế hàng 0 lễ an táng mộ gió
vivos_test_00488,,sáng ra thấy dân tình xúm quanh con tê giác khổng lồ đã chết,sáng ra thấy dân tình xúm quanh con tê giác khổng lồ đã chết
vivos_test_00489,,đội nào thành tích càng cao thì quản lý càng khó,đội nào thành tích càng cao thì quản lý càng khó
vivos_test_00490,,và 1 điều sâu xa là mình đã thật sự yêu bạn,và 1 điều sâu xa là mình đã thực sự yêu bạn
vivos_test_00491,,lúc hưng phấn nói chuyện phóng lao chẳng có chi phức tạp,lúc hưng phấn nói chuyện phóng lao chẳng có chi phức tạp
vivos_test_00492,,trung quốc đưa ra hình phạt cụ thể đối với tội tham nhũng,trung quốc đưa ra hình phạt cụ thể đối với tội tham nhũng
vivos_test_00493,,vào được nhà anh đấy sửa cửa đi nguy hiểm đấy,vào được nhà anh đấy sự cử đi nguy hiểm đấy
vivos_test_00494,,chúng tôi đã điều tra những trường hợp có nghi vấn gian dối,chúng tôi đã điều tra những trường hợp có nghi vấn gian dối
vivos_test_00495,,những người cô lập mình có thể gặp phải chứng trầm cảm hoặc lo lắng,những người cô lập mình có thể gặp phải chứng trầm cảm hoặc lo lắng
vivos_test_00496,,sẽ làm chúng ta ngủ không đủ không đúng quy luật,sẽ làm chúng ta ngủ không đủ không đúng quy luật
vivos_test_00497,,cùng vợ ăn vội chén cơm thành lại lo ôn bài làm bài tập,cùng vợ ăn vội chén cơm thành lại lo ôm bày làm bài tập
vivos_test_00498,,đầu 4 tiêu dùng và xuất khẩu đều sẽ tăng mạnh,đầu 4 tiêu dùng và xuất khẩu đều sẽ tăng mạnh
vivos_test_00499,,vậy những đối tượng này sẽ được giải quyết như thế nào,vậy những đối tượng này sẽ được giải quyết như thế nào
vivos_test_00500,,phía dưới và xung quanh kệ là nước bẩn lênh láng chảy qua,phía dưới và xung quanh kệ là nước bẩn lên láng chảy qua
vivos_test_00501,,nhà trường đột ngột hủy đề tài khiến tôi mất phương hướng,nhà trường đột ngột hủy đề tài khiến tôi mất phương hướng
vivos_test_00502,,đồ cổ không công khai nguồn gốc phải bị coi là hàng giả,đồ cổ không công khai nguồn gốc phải bị coi là hàng giả
vivos_test_00503,,sự giúp đỡ của bà là vô cùng quí báu cho chúng tôi,sự giúp đỡ của bà là vô cùng quý báu cho chúng tôi
vivos_test_00504,,còn 3 cầu thủ văn trương bật hiếu và hải lâm thì sao thưa ông,còn 3 cầu thủ văn thương bật hiếu và hải lâm thì sao thưa ông
vivos_test_00505,,bên cạnh đó chúng tôi còn làm hàng loạt việc khác như,bên cạnh đó chúng tôi còn làm hàng loạt việc khác như
vivos_test_00506,,tất cả để cho người bệnh và thân nhân hài lòng khi đến bệnh viện,tất cả để cho người bệnh và thân nhân hài lòng khi đến bệnh viện
vivos_test_00507,,nhiều hôm mưa gió bán ế gánh chè nặng trĩu trên vai mẹ,nhiều hơn mưa gió bắn ế gánh chèn nặng trĩu trên vai mẹ
vivos_test_00508,,2 cháu ngạc nhiên đón khách lạ sung sướng ôm cặp mới,2 cháu ngạc nhiên đón khách lạ sung sướng ôm cặp mới
vivos_test_00509,,nếu thỉnh thoảng có vài ngày nghỉ người thụy điển thường ra đảo chơi,nếu thỉnh thoảng có vài ngày nghỉ người thụy điển thường ra đảo chơi
vivos_test_00510,,vậy chừng nào mới tới xin lỗi nhân dân tập cuối,vậy chừng nào mới tới xin lỗi nhân dân tập cuối
vivos_test_00511,,hình như không có cả 1 trong 2 tài và đức,hình như không có cả 1 trong 2 tài và đức
vivos_test_00512,,các phật tử hưởng ứng lời kêu gọi của thầy như thế nào,các phật tử hưởng ứng lời kêu gọi của thầy như thế nào
vivos_test_00513,,tháng 7 nhiều người con khóc nên trời buồn và khóc theo,tháng 7 nhiều người con khóc nên trời buồn và khóc theo
vivos_test_00514,,cả đời chưa bao giờ tôi có cảm giác sung sướng như vậy,cả đời chưa bao giờ tôi có cảm giác sung sướng như vậy
vivos_test_00515,,ca khúc được khán giả yêu thích nhất bà tôi nguyễn vĩnh tiến,ca khúc được khán giả yêu thích nhất bà tôi nguyễn vĩnh tiến
vivos_test_00516,,tôi đứng trước 2 lối rẽ và tôi chọn con đường ít người đi hơn,tôi đứng trước 2 lối rẽ và tôi chọn con đường ít người đi hơn
vivos_test_00517,,có bao giờ ông gặp tình huống không trả lời được câu hỏi của dân,có bao giờ ông gặp tình huống không trả lời được câu hỏi của dân
vivos_test_00518,,ít có cơ hội sống sót cho các hành khách trên máy bay,ít có cơ hội sống sót cho các hành khách trên máy bay
vivos_test_00519,,chúng nó yêu nhau rất tự nhiên ghét nhau cũng rất tự nhiên,chúng nói yêu nhau rất tự nhiên ghét nhau cũng rất tự nhiên
vivos_test_00520,,chương trình đã tạo được hiệu ứng tốt từ phía khán giả nhí,chương trình đã tạo được hiệu ứng tốt từ phía khán giả nhí
vivos_test_00521,,chính sự lên sàn ồ ạt đó,chính sự lên sàn ồ ạt đó
vivos_test_00522,,thì bỗng nghe mấy tiếng oác oác từ vạt rừng phi lao,thì bỗng nghe mấy tiếng oác oác từ vạt rừng phi lao
vivos_test_00523,,hoặc chỉ biểu hiện bằng các rối loạn co bóp,hoặc chỉ biểu hiện bằng các rối loạn co bóp
vivos_test_00524,,dịch vụ kiểm tra sức khỏe định kỳ là 1 ý kiến hay,dịch vụ kiểm tra sức khoẻ định kỳ là 1 ý kiến hay
vivos_test_00525,,buổi đầu thật khó khăn theo đuổi chương trình học,buổi đầu thật khó khăn theo đuổi chương trình học
vivos_test_00526,,quá tốt rồi,quá tốt rồi
vivos_test_00527,,về việc mang đến cho các em niềm vui học,về việc mang đến cho các em niềm vui học
vivos_test_00528,,505,505
vivos_test_00529,,phần lớn học sinh giàu có người nước ngoài,phần lớn học sinh giàu có người nước ngoài
vivos_test_00530,,343,343
vivos_test_00531,,và nếu bạn trót làm lộn xộn màn hình nền,và nếu bạn trót làm lộn xộn màn hình nền
vivos_test_00532,,647,647
vivos_test_00533,,khi sức ép biến mất chúng trở lại tình trạng mềm dẻo bình thường,khi sức ép biến mất chúng trở lại tình trạng mềm dẻo bình thường
vivos_test_00534,,đàn ông có 2 thứ để buồn,đàn ông có 2 thứ để buồn
vivos_test_00535,,và vải hoặc cói nhiều màu,và vải hoặc có nhiều màu
vivos_test_00536,,100 mốt,100 mốt
vivos_test_00537,,cây cổ thụ ấy bất chợt bị bệnh tật quật ngã,cây cố thủ ấy bất chợt bị bệnh tật quật ngã
vivos_test_00538,,án mạng trên toa tàu tốc hành,án mạng trên toa tàu tốc hành
vivos_test_00539,,có lẽ phải mất nhiều thời gian,có lẽ phải mất nhiều thời gian
vivos_test_00540,,465,465
vivos_test_00541,,nó lật đật đạp chiếc xe cà tàng băng ngay ra đầu đường,nó lật đật đạp chiếc xe cà tàng băng ngay ra đầu đường
vivos_test_00542,,với người mẹ ở xóm chài long biên,với người mẹ ở xóm chài long biên
vivos_test_00543,,243,243
vivos_test_00544,,vì không có tiền đóng học phí,vì không có tiền đóng học phí
vivos_test_00545,,tôi chết cùng với ánh trăng,tôi chết cùng với ánh trăng
vivos_test_00546,,là tương đối có hiệu quả,và tương đối có hiệu quả
vivos_test_00547,,đạo diễn trẻ này có nhiều điều ngẫm ngợi về nghề,đạo diễn trẻ này có nhiều điều ngẫm ngợi về nghề
vivos_test_00548,,01234,01234
vivos_test_00549,,kết quả chỉ có vỏn vẹn 3 người còn biết dệt,kết quả chỉ có vỏn vẹn 3 người còn biết dẹp
vivos_test_00550,,nói thật đấy à,nói thật đấy à
vivos_test_00551,,nước gỗ trên chiếc đồng hồ đã bắt lên màu gụ bóng loáng,nước gỗ trên chiếc đồng hồ đã bắt lên màu gạo mống loáng
vivos_test_00552,,bởi cơ quan chuyên môn hoặc thuê tổ chức kiểm toán độc lập,bởi cơ quan chuyên môn hoặc thuê tổ chức kiểm toán độc lập
vivos_test_00553,,đừng để con sâu ăn,đừng để con sâu ăn
vivos_test_00554,,khi tôi là con bé lớp 4 thì cây vả đã cao quá nóc nhà,khi tôi là con bé lớp 4 thì cây vả đã cao quá nóc nhà
vivos_test_00555,,tham gia giảng dạy là lực lượng đoàn viên,tham gia giảng dạy là lực lượng đoàn viên
vivos_test_00556,,hay đảm bảo rằng ngày nào chúng cũng được đi những đôi tất sạch,2 đảm bảo rằng ngày nào chúng cũng được đi những nơi tất sạch
vivos_test_00557,,việc đưa tín hiệu truyền hình trực tiếp bằng hệ thống cáp quang,việc đưa tín hiệu truyền hình trực tiếp bằng hệ thống cấp quan
vivos_test_00558,,giàu đổi bạn sang đổi vợ,rào đổi bạn sang đổi vợ
vivos_test_00559,,sẽ không khiến bạn trông gầy như những trang phục 1 màu,sẽ không khiến bạn trông gầy như những trang phục 1 màu
vivos_test_00560,,tức chanh có thể trị được bệnh,cức chanh có thể trị được bệnh
vivos_test_00561,,vừa được trao tặng giải thưởng nhà nước,vợ ở cao cảnh giải thưởng nhà nước
vivos_test_00562,,khi bị công an thộp cổ khẩn cấp,hi bị công an họp cổ khẩn cấp
vivos_test_00563,,với 1 tốc độ mà chúng ta không thể đi đến tận cùng của nó,với 1 tốc độ mà chúng ta không thể đi đến cận cùng của nó
vivos_test_00564,,chỉ muốn làm 1 hơi cho đã cái miệng,chỉ muốn làm 1 hơi cho ả cái miệng
vivos_test_00565,,từ trên nóc nhà nhìn xuống có khác,từ trên góc nhà nhìn xuống có hát
vivos_test_00566,,ngoài trời mưa cứ lay phay rắc hạt,ngoài trời mưa tới đây phay rách hạt
vivos_test_00567,,việc áp dụng cả bàn vá lỗi và công cụ quét,việc áp dụng cả bàn vá đổi và công cụ quét
vivos_test_00568,,223,223
vivos_test_00569,,chính phủ đồng thời cũng lập thêm cục xúc tiến tiêu thụ dầu cọ,chính phủ đồng thời cũng lập thêm cuộc xúc tiến kiêu hữu dầu cỏ
vivos_test_00570,,cao ngồng ngồng,cao ngọng ngọng
vivos_test_00571,,thua xa tiệm tạp hoá nhà tao,khu xe kiểm cập hóa nhà cao
vivos_test_00572,,cũng là tin vui cho tất cả những ai,cũng là tin vui cho tất cả những ai
vivos_test_00573,,điều này đúng với mọi cấp độ và trong mọi lĩnh vực của đời sống,điều này đúng với mọi cấp độ và trong mọi lĩnh vực của đời sống
vivos_test_00574,,mà dung dăng nhé cầm tay đất trời,mà dung danh nhé cầm cai đất trời
vivos_test_00575,,tôi thấy đồng lương của mình 55 rồi vẫn đứng nguyên,côi thấy đồng lương của mình ngăm ngăm rồi vẫn đứng nguyên
vivos_test_00576,,hượm đã còn phải điều chỉnh,hượm đã còn phải điều chỉnh
vivos_test_00577,,120 mốt,120 mốt
vivos_test_00578,,làm đường sá ngập xắp xắp quanh 5 suốt tháng,đám đường xá ngập sát sắt quanh 5 suốt tháng
vivos_test_00579,,tôi lớn lên trong sự ghẻ lạnh của người mẹ kế,cô lớn lên trong sự ghẻ lạnh của người mẹ kế
vivos_test_00580,,nuôi mô hình tinh hoàn rồi tạo ra tinh hoàn với đầy đủ hình hài,ngôi mô hình kinh hoàng rồi tạo ra kinh hoàng với đầy đủ hình hài
vivos_test_00581,,nga khi ấy càng thìn nết na,nga hy ấy càng nhìn ngớt nga
vivos_test_00582,,565,cả 14 cả 15
vivos_test_00583,,trong tình thế ấy chỉ đám trẻ ven sông,trong tình thế ấy chỉ đám trẻ quen xong
vivos_test_00584,,khung răng hàm trên khum,khung găng hàm trên thùm
vivos_test_00585,,545,545
vivos_test_00586,,thế nhưng tôi không ân hận khi trở thành đả nữ,thế nhưng tôi không ân hận khi trở thành đả nữ
vivos_test_00587,,sau khi đọc những thông tin trên báo,sau khi đọc những thông tin trên báo
vivos_test_00588,,chàng trai lồm cồm bò dậy mặt mày xanh lét như tàu lá chuối,chàng trai đờm c�ờm bồi dậy mặt mày xanh đét như tàu áo chuối
vivos_test_00589,,cái khó là,cái khó là
vivos_test_00590,,để chấm dứt nạn bạo hành trong gia đình,để cấm dứt ngạn bạo hành trong gia đình
vivos_test_00591,,787,787
vivos_test_00592,,nếu đi tiếp nha trang,nghĩa quy tiếp nha trang
vivos_test_00593,,02468,hồng 2468
vivos_test_00594,,60 mốt,60 mốt
vivos_test_00595,,tội nghiệp đứa nhỏ không ai chăm sóc,cội nghiệp đứa nhỏ không ai chăm sóc
vivos_test_00596,,849,849
vivos_test_00597,,em sợ có 1 ngày anh gặp người con gái khác tốt hơn em rồi anh bỏ em,em sợ có 1 ngày anh gặp người con gái khác tốt hơn em rồi anh bỏ em
vivos_test_00598,,tiền điện tháng này bao nhiêu,tiền yển tháng ngày bao nhiêu
vivos_test_00599,,có thể giúp ta quên đi những nỗi ưu phiền,có thể giúp ca quên đi những nỗi u phiền
vivos_test_00600,,tôi đã có thời gian tuyệt vời khi chơi cho đội tuyển,tôi đã có thời gian tuyệt vời khi chơi cho đội tuyển
vivos_test_00601,,tôi là 1 người miền tây đang là nghiên cứu sinh ở mỹ,tôi là 1 người miền tây đang là nghiên cứu sinh ở mỹ
vivos_test_00602,,tham gia thiết kế lăng chủ tịch hồ chí minh thì có nhiều người,tham gia thiết kế lăng chủ tịch hồ chí minh thì có nhiều người
vivos_test_00603,,yếu tố hấp dẫn mới thu hút đầu 4 nước ngoài vào việt nam,yếu tố hấp dẫn mới thu hút đầu 4 nước ngoài vào việt nam
vivos_test_00604,,minh nhật hồng quân vũ công thành sưu tầm từ báo nước ngoài,minh quân hồng quân vũ công thành sưu tập từ báo nước ngoài
vivos_test_00605,,càng đi sâu vào bên trong cảnh trí thiên nhiên càng hùng vĩ,càng đi sâu vào bên trong cảnh trí thiên nhiên càng hùng vĩ
vivos_test_00606,,yêu nhau khoảng vài tháng thì chúng tôi đã có quan hệ tình dục,yêu nhau khoảng vài tháng thì chúng tôi đã có quan hệ
vivos_test_00607,,bạn có thể tham khảo 1 sơ yếu lý lịch điện tử sau đây,bạn có thể tham khảo 1 số sơ ý lý lịch điện tử sau đây
vivos_test_00608,,1 góc câu cá trên cầu sài gòn ảnh mai vinh,1 góc câu cá trên cầu sài gòn ảnh mai vinh
vivos_test_00609,,thì người xem cũng được nâng cao kiến thức về địa lý,thì người xem cũng được nâng cao kiến thức về địa lý
vivos_test_00610,,khó sao duyên dám cho anh uống rượu trong đám cưới,khó sao duyên dám chành uống rượu trong đám cưới
vivos_test_00611,,có bằng thạc sĩ những ngành trên là 1 lợi thế,có bằng thạc sĩ nhưng ngành trên là 1 lợi thế
vivos_test_00612,,ngày xưa các cụ làm bìa sách là minh hoạ cho cuốn sách đó,ngày xưa các cụ làm bìa sách là minh họa cho cuốn sách đó
vivos_test_00613,,chú bộ đội qua những câu chuyện của ông mới gần gũi làm sao,chứ bộ đội qua những câu chuyện của ông mới gần gũi làm sao
vivos_test_00614,,nhạc sĩ la hối với ca khúc xuân và tuổi trẻ,nhạc sĩ la hối với ca khúc xuân và tuổi trẻ
vivos_test_00615,,1 vài người trong bọn họ đưa mắt nhìn mảnh giấy,1 vài người trong bọn họ đưa mắt nhìn mảnh giấy
vivos_test_00616,,1 số bạn trẻ cũng có ý nghĩ như cao cường,1 số bạn trẻ cũng có ý nghĩ như cao cường
vivos_test_00617,,nhiều gia đình hiện nay thích tự giới thiệu chương trình,nhiều gia đình hiện nay thích tự giới thiệu chương trình
vivos_test_00618,,vì vậy công ty b phải có trách nhiệm bồi thường,vì vậy công ty b phải có trách nhiệm bồi thường
vivos_test_00619,,mong bạn bình tâm suy nghĩ và chọn được cách giải quyết tốt nhất,mong bạn bình đâm suy nghĩ và chọn được cách giải quyết tốt nhất
vivos_test_00620,,tôi đã nhiều lần phản đối quyết liệt việc nước thải tuồn ra ngoài,tôi đã nhiều lần phản đối quyết liệt việc nước thải tuồn ra ngoài
vivos_test_00621,,hơn là dẫn dắt các em theo chủ ý của giáo viên,hơn là dẫn dắt các em theo chủ ý của giáo viên
vivos_test_00622,,45 trời bị câm 1 mình với bóng mình nhiều phen òa khóc,45 trời bị câm 1 mình với bóng mình nhiều phen ì ích khóc
vivos_test_00623,,thỉnh thoảng con đi qua dừng lại dựng xe ngồi hút thuốc,thỉnh thoảng con đi qua dừng lại dựng xe ngồi hút thuốc
vivos_test_00624,,hắn thay đổi lầm lì sau khi theo gia đình đến xứ người,hắn thay đổi làm lì sau khi theo gia đình đến xứ người
vivos_test_00625,,ông dương đức lân phó tổng cục trưởng tổng cục dạy nghề,ông dương đức lân phó tổng cục trưởng tập cục dạy nghề
vivos_test_00626,,vậy ai sẽ chịu trách nhiệm về những trường hợp này,vậy ai sẽ chịu trách nhiệm về những trường hợp này
vivos_test_00627,,nông dân trồng mía than cứ 1 vụ được lại 3 vụ thất,nông dân trồng mía than cứ 1 vụ lại được 3 vụ thức
vivos_test_00628,,trò đùa đối với thầy nhưng lại là chân thật chân thật với 1 người,trò đùa đối với thầy nhưng lại là chân thật chân thật với 1 người
vivos_test_00629,,muốn có bằng lái phải qua 1 đợt thi rất khắt khe,vốn có bằng lái phải qua 1 đợt thi rất khắt khe
vivos_test_00630,,vậy mà giờ đây nó không đợi được đến lúc huy về,vậy mà giờ đây nó không đợi được đến lúc huy về
vivos_test_00631,,tuy phía trước còn vô và khó khăn đối với con,tuy phía trước còn vô và khó khăn đối với con
vivos_test_00632,,nhưng trước đây nhìn từ bên ngoài nơi này không khác 1 căn nhà hoang,trước đây nhìn từ bên ngoài nơi này không khác gì 1 căn nhà hoang
vivos_test_00633,,người pháp đã đồng ý với cách quản lý lĩnh vực dành riêng,người pháp đã đồng ý với cách quản lý lĩnh vực dành riêng
vivos_test_00634,,em sợ mất anh ấy nhưng lại cảm thấy mình bị xúc phạm,em sợ mất anh ấy nhưng lại cảm thấy mình bị xúc phạm
vivos_test_00635,,có nhưng phải là thuốc đặc trị của pháp hiếm và cực kỳ đắt,có nhưng phải là thuốc đặc trị của pháp hiếm và cực kỳ đắt
vivos_test_00636,,đó là nhận xét chung của nhiều tổng giám đốc điều hành ngày nay,đó là nhận xét chung của nhiều tổng giám đốc điều hành ngày nay
vivos_test_00637,,biên chế này nhà thanh gọi là an nam quốc nhạc,biên chế này nhà thanh gọi là an nam quốc nhạc
vivos_test_00638,,đối xử với bạn như người yêu cũ của bạn đã từng làm,đối xử với bạn như người yêu cũ của bạn đã từng làm
vivos_test_00639,,ăn cá ngừ cá thu và cá mòi với rau trộn,ăn cá ngừ cá thu và cá mòi với rau trộn
vivos_test_00640,,rạch bàu mớp,rặt bầu mướp
vivos_test_00641,,chủ tịch nước đã đến kiểm tra tiến độ thi công,chủ tịch nước đã đến kiểm tra tiến độ thi công
vivos_test_00642,,đó cũng là động lực thúc đẩy tôi,đó cũng là động lực thúc đẩy tôi
vivos_test_00643,,cô chỉ mới vào lưới nhặt bóng 2 lần,cô chỉ mới vào lưới nhặt bóng 2 lần
vivos_test_00644,,3 này chỉ giỏi bốc phét,3 này chì gió bốc phét
vivos_test_00645,,ngoài việc phát hiện kẻ thù,ngoài việc phát hiện kẻ thù
vivos_test_00646,,con nhỏ mở cái túi gút đeo trên cổ,con nhỏ mở cái túi gút đeo trên cổ
vivos_test_00647,,vì tối đó,vì tới đó
vivos_test_00648,,anh khen em đẹp em chê anh già,anh khen em đẹp em chia anh già
vivos_test_00649,,cũng chẳng còn xúng xính quần áo mới,cũng chẳng còn xúng xính quần áo mới
vivos_test_00650,,anh đi công tác cần thơ tuần sau mới về,anh đi công tác cần thơ tuần sau mới về
vivos_test_00651,,nhận được tin này gọi lại cho tôi gấp,nhận được tin này gọi lại cho tôi gấp
vivos_test_00652,,ngủ trên nệm không phù hợp,ngủ trên nệm không phù hợp
vivos_test_00653,,đôi khi bạn cũng có thể làm những điều đó,đôi khi bạn cũng có thể làm những điều đó
vivos_test_00654,,nhằm tạo ra sự hấp dẫn,nhằm tạo ra sự hấp dẫn
vivos_test_00655,,chính bà cũng là người nung nấu niềm đam mê diễn xuất của cô con gái,chính bà cũng là người nung nấu niềm đam mê diễn xuất của cô con gái
vivos_test_00656,,1 cô gái váy ngắn cũn cỡn chạy lên hỏi,1 cô gái váy ngắn cũng cẩn chạy lên hỏi
vivos_test_00657,,từ nỗi cô đơn của 1 cô bé bị cha mẹ bỏ quên,từ nỗi cô đơn của 1 cô bé bị cha mẹ bỏ quên
vivos_test_00658,,thứ âm thanh không chỉ cảm nhận bằng thính giác,thứ âm thanh không chỉ cảm nhận bằng thính giác
vivos_test_00659,,tôi không nỡ làm cô bé thất vọng,tôi không nỡ làm cô bé thất vọng
vivos_test_00660,,trẻ em đâu có chướng ngại vật,trẻ em đâu có chướng ngại vật
vivos_test_00661,,có trả tiền cho bố không thì bảo,có trả tiền cho bố không thì bảo
vivos_test_00662,,1 là gặp lại tất cả các em phò,1 là gặp lại tất cả các em phò
vivos_test_00663,,tay kia xách 1 tay gióng mang chiếc vịm lớn,tay kia xách 1 tay gióng mang chiếc vịm lớn
vivos_test_00664,,những ngày đầu vắng bóng 3 việt cứ thừ người nghĩ ngợi,những ngày đầu ván bóng 3 miệt cứ thừ người nghĩ ngợi
vivos_test_00665,,rất nhiều gửi gắm và kỳ vọng vào ông,rất nhiều gửi gắm và kỳ vọng vào ông
vivos_test_00666,,bà nói,bà nói
vivos_test_00667,,cam sành lột vỏ còn chua,cơm sành lọc vỏ còn chua
vivos_test_00668,,nghĩa là kém cỏi nam tính hay sao,nghĩa là kiếm cỏ nam tính hay sao
vivos_test_00669,,cháu sốt nên rẹo rọc suốt đêm,cháu sốc nên rẹo rộc suốt đêm
vivos_test_00670,,cho tôi nhắn đại tin nào cũng được,cho tôi nhấn đậy tên nào cũng được
vivos_test_00671,,đang thảo luận về đề xuất,đang thảo luận về đề xuất
vivos_test_00672,,trơ trọi giữa đồng cái nhìn khắc khoải,trơ trại giữa đồng cái nhìn khoắt khoải
vivos_test_00673,,sẽ không khiến bạn trông gầy như những trang phục 1 màu,sẽ không khiến bạn trông gậy như những trang phục 1 màu
vivos_test_00674,,gí hòn than vào rơm,quý hoàng thân vào rơm
vivos_test_00675,,những sai lầm khi đi chọn khách sạn,những sai lầm khi đi chọn khách sạn
vivos_test_00676,,nhóm sinh viên tại trường cùng họp mặt ăn tết chung,nhóm sinh viên tại trường cùng họp mặt ăn tết chung
vivos_test_00677,,và tôi thấy hoa vạn thọ vàng ươm,và tôi thấy hoa vạn thọ vàng ươm
vivos_test_00678,,hoặc chỉ biểu hiện bằng các rối loạn co bóp,hoặc chỉ biểu hiện bằng các rối loạn co bốc
vivos_test_00679,,bị các cô gái bao vây ráo riết,bị các cô gái bao vây ráo riết
vivos_test_00680,,chạm vào phần thóp mềm trên đầu bé,chạm vào phần thóp mềm trên đầu bé
vivos_test_00681,,phục vụ cho mùa thi đại học đang đến sát sạt,phục vụ cho mùa thi đại học đang đến sát sạt
vivos_test_00682,,đầu tiên là bà con mình vật vã làm ăn,đầu tiên là bà con mình vận vã làm ăn
vivos_test_00683,,như lần này được nếm món giò thủ hoàn toàn làm từ tai heo,như lần này được đếm món giò thủ hoàn toàn làm từ tai heo
vivos_test_00684,,989,989
vivos_test_00685,,vì đó mới chính là thứ bạn cần,vì đó mới chính là thứ bạn cần
vivos_test_00686,,thì bỗng nghe thấy tiếng oác oác từ vạt rừng phi lao,thì bỗng nghe tiếng oát oát từ vạt rừng phi lao
vivos_test_00687,,vào cơ quan là anh hót giống hệt nhồng mới lột lưỡi vậy,vào cơ quan là anh hót giống hệt nhồng với lột lưỡi vậy
vivos_test_00688,,trận chiến xích bích,trận chiến xích bích
vivos_test_00689,,849,849
vivos_test_00690,,949,949
vivos_test_00691,,nơi có mấy tên trông rất gấu,nơi có mấy tên trông rất gấu
vivos_test_00692,,đã có dự án để xây dựng 1 cái cầu từ đất liền,đã có dự án để xây dựng 1 cái cầu từ đất liền
vivos_test_00693,,có 2 tác dụng tích cực,có 2 tác dụng tích cực
vivos_test_00694,,tham gia giảng dạy là lực lượng đoàn viên,tham gia giảng dạy là lực lượng đoàn viên
vivos_test_00695,,hoặc cho vào vại muối để lợn ăn dần,hoặc cho vào vại muối để lợn ăn dần
vivos_test_00696,,chíu chít gợi tình mẹ con sum họp,chiếu trít gợi tình mẹ con xum hợp
vivos_test_00697,,chủ tàu cho biết sẽ tiếp tục thương thuyết về số chi phí này,chủ tàu cho biết sẽ tiếp tục thương thuyết về số chi phí này
vivos_test_00698,,mà cho đến lúc đó được xem là của 4 nhân,mà cho đến lúc đó được xem là của 4 nhân
vivos_test_00699,,những người hoài nghi nói rằng giữ được vật treo lủng lẳng trên người,những người hoài nghi nói rằng giữ được vật trao lủng lẳng trên người
vivos_test_00700,,áng chừng đã ngoại 70,án chừng đã ngoại 70
vivos_test_00701,,929,929
vivos_test_00702,,rô bót thông minh,robot thông minh
vivos_test_00703,,buổi sáng thành phố ô nhiễm hơn buổi trưa,buổi sáng thành phố ô nhiễm hơn buổi trưa
vivos_test_00704,,nhiều người cho biết,nhiều người cho biết
vivos_test_00705,,nóng giận tôi đã lăng mạ anh,nóng giận tôi đã lăng mạ anh
vivos_test_00706,,họ cũng luôn tránh xa những tình huống có thể gây hại cho họ,họ cũng luôn tránh xa những tình huống có thể gây hại cho họ
vivos_test_00707,,trong cuộc sống của tôi chúng không dùng để kiếm ra lợi nhuận,trong cuộc sống của tôi chúng không dùng để kiếm ra lợi nhuận
vivos_test_00708,,đó hẳn là 1 món quà,đó hẳn là 1 món quà
vivos_test_00709,,và khi thấy tôi vẫn kiên định trả lời trớt quớt,và khi thấy tôi vẫn kiên định trả lời trước word
vivos_test_00710,,gió trời không thể thông thốc thổi vào khai trung,gió trời không thể thông thốc thổi vào khai trung
vivos_test_00711,,nguyên thứ trưởng bộ đại học và giáo dục chuyên nghiệp cũ,nguyên thứ trưởng bộ đại học và giáo dục chuyên nghiệp cũ
vivos_test_00712,,nhiều trụ đá di tích nằm nghiêng ngả và vỡ nát,nhiều trụ đá di tích nằm nghiêng ngả và vỡ nát
vivos_test_00713,,445,445
vivos_test_00714,,303,303
vivos_test_00715,,cứ chụm các đầu ngón tay lại 1 chỗ,cứ chụm các đầu ngón tay lại 1 chỗ
vivos_test_00716,,cho những chuyến dã ngoại của du khách,cho những chuyến dã ngoại của du khách
vivos_test_00717,,hằng 5 chúng ta thải ra hàng 0 thiết bị điện tử,hàng 5 chúng ta thải ra hàng 0 thiết bị điện tử
vivos_test_00718,,bởi cơ quan chuyên môn hoặc thuê tổ chức kiểm toán độc lập,bởi cơ quan chuyên môn hoặc thuê tổ chức kiểm toán độc lập
vivos_test_00719,,những nhược điểm của mình,những nhược điểm của mình
vivos_test_00720,,trừ khi bạn biết tôn trọng bản thân mình,trừ khi bạn biết tôn trọng bản thân mình
vivos_test_00721,,khi trẫm khỏi bệnh thì sẽ chém đầu,khi chẩm khỏi bệnh thì sẽ chém đầu
vivos_test_00722,,xuân này em không về,xuân này em không về
vivos_test_00723,,những con đường ngắn ngủn như những nhát cắt,những con đường ngắn ngủn như những nhát cắt
vivos_test_00724,,não bộ chúng ta phát triển những rung động yêu thương,não bộ chúng ta phát triển những rung động yêu thương
vivos_test_00725,,những cơn gió mạnh và mưa đóng băng gây trơn trợt,những cơn gió mạnh và mưa đóng băng gây trơn trợt
vivos_test_00726,,giám đốc sở giáo dục đào tạo ninh thuận cho biết,giám đốc sở giáo dục đào tạo ninh thuận cho biết
vivos_test_00727,,và rất sáng tạo,và rất sáng tạo
vivos_test_00728,,thật sự mà là bởi lòng hận thù,thực sự mà là bởi lòng hận hù
vivos_test_00729,,nhưng tôi thích xem bộ phim truyện phát ngay sau chương trình này,nhưng tôi thích xem bộ phim truyện phát ngay sau chương trình này
vivos_test_00730,,ngọn lửa bạo động ở trung đông và phá vỡ lộ trình hòa bình,ngọn lửa bạo động ở trung đông và phá vỡ lộ trình hòa bình
vivos_test_00731,,xin được chân khuân vác,xin được chân khuân vác
vivos_test_00732,,di tích có 7 phỗng ông và 2 phỗng bà được làm bằng gỗ mít,di tích có 7 phỗng ông và 2 phỗng bà được làm bằng gỗ mít
vivos_test_00733,,cũng chưa biết nữa,cũng chưa biết nữa
vivos_test_00734,,cũng lên tiếng ủng hộ các kiến nghị này,cũng lên tiếng ủng hộ các kiến nghị này
vivos_test_00735,,trưởng công an xã chạy sang can ngăn cũng bị tuyến đánh tiếp,trưởng công an xã chạy sang can ngăn cũng bị tuyến đánh tiếp
vivos_test_00736,,nó trốn mất tiêu rồi còn đâu,nó trốn mất tiêu rồi còn đâu
vivos_test_00737,,các chú cũng thoải mái phóng uế giữa chốn đông người mà không sợ,các chú cũng thoải mái phốn uế giữa chốn đông người mà không sợ
vivos_test_00738,,chắc sắp tới thu xếp đi du lịch thôi,chắc sắp tới thu xếp đi du lịch thôi
vivos_test_00739,,những dự định cần phải được biến thành hiện thực,những dự định cần phải được biến thành hiện thực
vivos_test_00740,,đèn bị hư rồi 3,đèn bị hư gò 3
vivos_test_00741,,nhưng giấc ngủ chập chờn,nhưng giấc ngủ chập chờn
vivos_test_00742,,tiếng cọc cạch khựng lại của những khớp sắt,tiếng cọc cạch khựng lại của những khớp sắt
vivos_test_00743,,1 bà ngoại giặt đồ thuê,1 bà ngoại giặt đồ hơi
vivos_test_00744,,bàn chổi sơn bằng bông mềm rất phổ biến,bàn chổi sơn bằng bông mềm rất phổ biến
vivos_test_00745,,tỉnh quảng trị đã phê duyệt,tỉnh quảng trị đã phê duyệt
vivos_test_00746,,đôi bàn tay em không được mềm mại và nõn nà,đôi bàn tay em không được mềm mại và nõn nà
vivos_test_00747,,nhưng khi tiến gần vào vịnh thì mặt biển bị rạn vỡ,nhưng khi tiến gần vào vịnh thì mặt biển bị rạn vỡ
vivos_test_00748,,tây giang vẫn còn khắc khoải không thể vào xã a nông,tây giang vẫn còn khắc khoải không thể vào xã a nông
vivos_test_00749,,việc 1 quyển tiểu thuyết như thế,việc 1 quyển tiểu thuyết như thế
vivos_test_00750,,việc quy tội để bùng nổ loại sách này là do,việc quy tội để bùng nổ loại sách này là do
vivos_test_00751,,nhưng tình yêu vẫn nồng nàn và say đắm như buổi ban đầu,nhưng tình yêu vẫn nồng nàn và say đắm như buổi ban đầu
vivos_test_00752,,thằng đó có cái miệng như đàn bà,thằng đó có cái miệng như đàn bà
vivos_test_00753,,người ta nói,người ta nói
vivos_test_00754,,công văn đề nghị tỉnh con tum xây dựng cửa khẩu,công văn đề nghị tỉnh con tum xây dựng cửa khẩu
vivos_test_00755,,anh phú chưa bú được sữa mẹ lần nào,anh phú chưa bú được sữa mẹ lần nào
vivos_test_00756,,hiện ra tận phía xa,hiện ra tận phía xa
vivos_test_00757,,để tàu không phải cưỡi cầu tàu,để tàu không phải cưỡi cầu tàu
vivos_test_00758,,nghe chúng tôi hỏi điều này chị ngát rân rấn nước mắt,nghe chúng tôi hỏi điều này chị ngát rân rấn nước mắt
vivos_test_00759,,do chính phủ mỹ tiến hành ở việt nam,do chính phủ mỹ tiến hành ở việt nam
